California,Aliso Viejo,Aliso Viejo,92656,Bus,33.587105,-117.719604,Aliso Viejo,Sample,Sample
California,Aliso Viejo,Aliso Viejo,92656,Bus,33.583029,-117.728266,Aliso Viejo 2,Sample,Sample
California,Aliso Viejo,Mission Viejo,92692,Bus,33.588996,-117.714723,Mission Viejo,Sample,Sample
California,Aliso Viejo,Mission Viejo,92692,Bus,33.59,-117.719604,Mission Viejo,Sample,Sample
California,Aliso Viejo,Irvine,92692,Bus,33.58,-117.719604,Irvine,Sample,Sample
California,Aliso Viejo,Irvine,92692,Bus,33.6,-117.719604,Irvine,Sample,Sample
California,Aliso Viejo,Newport,92692,Bus,33.61,-117.719604,Newport,Sample,Sample
California,Aliso Viejo,Newport,92692,Bus,33.49999,-117.719604,Newport,Sample,Sample
California,Aliso Viejo,San Deigo,92692,Bus,33.5321,-117.719604,San Deigo,Sample,Sample
California,Aliso Viejo,San Deigo,92692,Bus,33.4444,-117.719604,San Deigo,Sample,Sample
Andhra Pradesh,Visakhapatnam,Anakapalle,531001,Theatre,17.689197,83.003305,Raja Picture Palace,Unknown,Main Rd| Anakapalle| Andhra Pradesh 531001
Andhra Pradesh,Visakhapatnam,Chodavaram,531036,Theatre,17.826772,83.937818,Sri Sai Lakshmi(Twin Theaters),Unknown,Nowdu Veedhi| Chodavaram.| Kandrapa Colony| Venkannapalem| Chodavaram| Andhra Pradesh 531036
Andhra Pradesh,Visakhapatnam,Chodavaram,531036,Theatre,17.829861,83.937362,Lakshmi Theatre,Unknown,Chodavaram| Andhra Pradesh 531036
Andhra Pradesh,Visakhapatnam,Chodavaram,531036,Theatre,17.828554,83.934778,L K Poorna Theatre,Unknown,Chodavaram| Andhra Pradesh 531036
Andhra Pradesh,Visakhapatnam,Bhimili,531163,Bus,17.892295,83.4529,Old Bus Stand,Unknown,Bheemili| Andhra Pradesh 531163
Andhra Pradesh,Visakhapatnam,Bheemili,531163,Bus,17.897926,83.445764,unknown,Unknown,Bheemili| Andhra Pradesh 531163
Andhra Pradesh,Visakhapatnam,Bhimili,531163,Bus,17.921493,83.434982,Chillapate,Unknown,Visakhapatnam| Andhra Pradesh 531163
Andhra Pradesh,Visakhapatnam,Thagarapuvalasa,531163,Theatre,17.932037,83.431462,Saptagiri Theatre,Unknown,Thagarapuvalasa| Andhra Pradesh 531163
Andhra Pradesh,Visakhapatnam,Thagarapuvalasa,531163,Theatre,17.930842,83.429016,Ganesh Theatre,Unknown,Thagarapuvalasa| Andhra Pradesh 531163
Andhra Pradesh,Visakhapatnam,Gollalapalem,531163,Bus,17.892928,83.428501,Gollalapalem Bus Station,Unknown,Gollalapalem| Bheemunipatnam| Andhra Pradesh 531163
Andhra Pradesh,Visakhapatnam,Anandapuram,531163,Bus,17.892605,83.428385,Gollapalem Bus Stop,Unknown,Unnamed Rd| Gollalapalem| Andhampuram| Bheemili| Visakhapatnam| Andhra Pradesh 531163
Andhra Pradesh,Visakhapatnam,Thagarapuvalasa,531163,Bus,17.932548,83.427644,APSRTC Bus Station,Unknown,Bus station| opp petrol bunk| Chittivalasa road| Thagarapuvalasa| Andhra Pradesh 531163
Andhra Pradesh,Visakhapatnam,Thagarapuvalasa,531163,Theatre,17.934277,83.425583,Sri Ramulamma Theatre,Unknown,Thagarapuvalasa| Andhra Pradesh 531163
Andhra Pradesh,Visakhapatnam,Thagarapuvalasa,531163,Theatre,17.929818,83.424658,Tata Theatre,Unknown,Thagarapuvalasa| Andhra Pradesh 531163
Andhra Pradesh,Visakhapatnam,Bhimili,531163,Bus,17.960924,83.41919,Maharanipeta Junction,Unknown,NH16| Andhra Pradesh 531162
Andhra Pradesh,Visakhapatnam,Thagarapuvalasa,531163,Bus,17.920232,83.416781,Sanghivalasa Colony Bus Stop,Unknown,Thagarapuvalasa| Andhra Pradesh 531163
Andhra Pradesh,Visakhapatnam,Anandapuram,531163,Bus,17.855408,83.416358,INS Kalinga Bus Stop,Unknown,Beach Rd| Visakhapatnam| Andhra Pradesh 531163
Andhra Pradesh,Visakhapatnam,Valandapeta,531163,Bus,17.916451,83.414725,Tallavalasa,Unknown,NH16| Valandapeta Village| Andhra Pradesh 531163
Andhra Pradesh,Visakhapatnam,Valandapeta,531163,Bus,17.916507,83.41448,Valandapeta Bus Stop,Unknown,Valandapeta Village| Andhra Pradesh 531163
Andhra Pradesh,Visakhapatnam,Anandapuram,531163,Bus,17.916507,83.41448,Valandapeta Bus Stop,Unknown,Valandapeta Village| Andhra Pradesh 531163
Andhra Pradesh,Visakhapatnam,Tallavalasa,531163,Bus,17.91058,83.412049,Rajula Tallavalasa Bus Stop,Unknown,R Tallavalasa| Andhra Pradesh 531163
Andhra Pradesh,Visakhapatnam,Bhimili,531163,Bus,17.892896,83.40876,S.V.L.N.S Government Bus Stop,Unknown,Unnamed Rd| Anandapuram| Bhimili| Visakhapatnam| Andhra Pradesh 531163
Andhra Pradesh,Visakhapatnam,Bheemili,531163,Bus,17.892894,83.40876,S V L N S Government Bus Stop,Unknown,Unnamed Rd| Anandapuram| Bhimili| Visakhapatnam| Andhra Pradesh 531163
Andhra Pradesh,Visakhapatnam,Tallavalasa,531163,Bus,17.893153,83.408632,Nidigattu Road,Unknown,Tallavalasa| Andhra Pradesh 531163
Andhra Pradesh,Visakhapatnam,Bheemili,531163,Bus,17.891052,83.405939,Sathya Bus Stop,Unknown,Unnamed Rd| Bheemili| Andhapuram| Vellanki| Visakhapatnam| Andhra Pradesh 531163
Andhra Pradesh,Visakhapatnam,Tallavalasa,531163,Bus,17.891315,83.405843,Doratota,Unknown,Tallavalasa| Andhra Pradesh 531163
Andhra Pradesh,Visakhapatnam,Bhimili,531163,Bus,17.890102,83.402322,Bus StopUnknownBhimili,Unknown,Dorathoto| Bheemili| Visakhapatnam| Andhra Pradesh 531163
Andhra Pradesh,Visakhapatnam,Anandapuram,531163,Bus,17.899385,83.389605,Vellanki Bus Stop ,Unknown,Visakhapatnam| Andhra Pradesh 531163
Andhra Pradesh,Visakhapatnam,Bhimili,531163,Bus,17.894307,83.388328,Vellanki Village Bus Stop,Unknown,Vellanki| Andhra Pradesh 531163
Andhra Pradesh,Visakhapatnam,Anandapuram,531163,Bus,17.898049,83.385265,Anandapuram Junction Bus Stop,Unknown,NH16| Visakhapatnam| Andhra Pradesh 531163
Andhra Pradesh,Visakhapatnam,Bapirajutallavalasa,531219,Bus,18.020053,83.383217,Korada Bus Stop,Unknown,padmanabham| Bapirajutallavalasa| Andhra Pradesh 531219
Andhra Pradesh,Visakhapatnam,Anandapuram,530052,Bus,17.893975,83.3777,Anandapuram Bus Stop,Unknown,Visakhapatnam| Andhra Pradesh 530052
Andhra Pradesh,Visakhapatnam,Anandapuram,531163,Bus,17.869505,83.3687,Boyipalem Bus Stop,Unknown,Visakhapatnam| Andhra Pradesh 531163
Andhra Pradesh,Visakhapatnam,Madhurawada,530048,Gas,17.826596,83.357864,Indian Oil Petrol,Unknown,Way to Chaitanya Engineering College| Srinivasa Nagar| Madhurawada| Visakhapatnam| Andhra Pradesh 530048
Andhra Pradesh,Visakhapatnam,Madhurawada,530048,Gas,17.826597,83.357863,Unknown,Sushmita Filling Station,Way to Chaitanya Engineering College| Srinivasa Nagar| Madhurawada| Srinivasa Nagar| Madhurawada| Visakhapatnam| Andhra Pradesh 530048
Andhra Pradesh,Visakhapatnam,Madhurawada,530048,Gas,17.826603,83.357751,Indian Oil Petrol,Unknown,Srinivasa Nagar| Madhurawada| Visakhapatnam| Andhra Pradesh 530048
Andhra Pradesh,Visakhapatnam,Madhurawada,530041,Theatre,17.811581,83.355521,Durga Theatre,Unknown,NHUnknown5 Road| Chandrapalem| Madhurawada| Srinivasa Nagar| Madhurawada| Srinivasa Nagar| Madhurawada| Visakhapatnam| Andhra Pradesh 530041
Andhra Pradesh,Visakhapatnam,Kailasagiri,530043,Theatre,17.748949,83.349552,Tenneti Open Air Theatre,Unknown,Kailasagiri| Visakhapatnam| Andhra Pradesh 530043
Andhra Pradesh,Visakhapatnam,Tunivalasa,531219,Bus,18.03532,83.346469,Tunivalasa Bus Stop,Unknown,Tunivalasa| Andhra Pradesh 531219
Andhra Pradesh,Visakhapatnam,Jalari Peta,530017,Bus,17.72989,83.342369,Waltair Bus Depot,Unknown,Jalari Peta| Visakhapatnam| Andhra Pradesh 530017
Andhra Pradesh,Visakhapatnam,MVP Colony,530017,College,17.74252,83.338959,Samata Pg college,Unknown,Sector 10| MVP Colony| Sector 10| MVP Colony| Visakhapatnam| Andhra Pradesh 530017
Andhra Pradesh,Visakhapatnam,Madhurawada,530048,Theatre,17.812089,83.333801,World Cinema Talkies,Unknown,Way to Madhurawada| Pothinamallayya Palem| Visakhapatnam| Andhra Pradesh 530048
Andhra Pradesh,Visakhapatnam,Maddi,531219,Bus,17.979222,83.329089,Maddi Road Bus Stop,Unknown,Padmanaabham Unknown Maddi Village Rd| Andhra Pradesh 531219
Andhra Pradesh,Visakhapatnam,Visakhapatnam,530003,College,17.724696,83.32804,AU College of Pharmaceutical  Sciences,Unknown,Andhra University South Campus| Andhra University| Visakhapatnam| Andhra Pradesh 530003
Andhra Pradesh,Visakhapatnam,H B Colony,530013,Bus,17.745683,83.323104,HB Colony Last Bus Stop,Unknown,HB Colony Rd| Bhanu Nagar| H B Colony| Visakhapatnam| Andhra Pradesh 530013
Andhra Pradesh,Visakhapatnam,Siripuram,530003,Gas,17.720803,83.320641,HP Petrol,Millennium Comco,Junction Visakhapatnam| Siripuram| Visakhapatnam| Andhra Pradesh 530003
Andhra Pradesh,Visakhapatnam,Chinna Waltair,530003,Gas,17.720728,83.320641,HP Petrol,, Chinna Waltair Main Rd| G.V.M.C.| AU Out Gate| Beside Bus Stop| Kirlampudi Layout| Andhra University| Visakhapatnam| Andhra Pradesh 530003
Andhra Pradesh,Visakhapatnam,Chinna Waltair,530003,Gas,17.720718,83.320395,HP Petrol,Unknown,5 Chinna Waltair Main Rd G.V.M.C. AU Out Gate Beside Bus Stop| Chinna Waltair Main Rd| G.V.M.C.| AU Out Gate| Beside Bus Stop| Kirlampudi Layout| Chinna Waltair| Andhra University| Visakhapatnam| Andhra Pradesh 530003
Andhra Pradesh,Visakhapatnam,Maddilapalem,530013,Bus,17.735878,83.320225,Maddilapalem Bus Stop,Unknown,Bus Depot Rd| Maddilapalem| Visakhapatnam| Andhra Pradesh 530013
Andhra Pradesh,Visakhapatnam,Maddilapalem,530016,Theatre,17.734078,83.319239,4D SFX Theatre,Unknown,CMR Central| Andhra University North Campus| Maddilapalem| Visakhapatnam| Andhra Pradesh 530016
Andhra Pradesh,Visakhapatnam,Siripuram,530003,Gas,17.72145,83.318768,HP Petrol,COCO HP Auto Care,Siripuram Junction Siripuram| Siripuram| Visakhapatnam| Andhra Pradesh 530003
Andhra Pradesh,Visakhapatnam,Paanduranga Puram,530003,Bus,17.71129,83.31829,R.K Beach Bus Stop,Unknown,Beach Rd| R.K. Beach| Paanduranga Puram| Visakhapatnam| Andhra Pradesh 530003
Andhra Pradesh,Visakhapatnam,Maddilapalem,530013,Theatre,17.735293,83.317684,Kameswari And Kinnera Theatre,Unknown,D.No. 53Unknown23Unknown23 Beside Maddilapalem Bus Depot 13| Maddilapalem| Visakhapatnam| Andhra Pradesh 530013
Andhra Pradesh,Visakhapatnam,Maharanipeta,530003,Theatre,17.710837,83.315786,Varun Beach Inox,Unknown,Survey No.120 & 121| Varun Beach| 3rd Floor| R K Beach Road| Maharanipet| Krishna Nagar| Maharani Peta| Visakhapatnam| Andhra Pradesh 530003
Andhra Pradesh,Visakhapatnam,Maharanipeta,530002,Theatre,17.712756,83.313834,Ramana Murthy,Unknown,Janaki Residency| Gokhale Road| Port Officers Quarters| Maharani Peta| Visakhapatnam| Andhra Pradesh 530002
Andhra Pradesh,Visakhapatnam,Maharanipeta,530002,Bus,17.711517,83.313537,Century Club Bus Stop,Unknown,Krishna Nagar| Maharani Peta| Visakhapatnam| Andhra Pradesh 530002
Andhra Pradesh,Visakhapatnam,Seethammadara,530013,Bus,17.737391,83.313204,Eenadu Bus Stop,Unknown,MRO Office|TPT Colony| Seethammadhara Rd| TPT Colony| Balayya Sastri Layout| Seethammadara| Visakhapatnam| Andhra Pradesh 530013
Andhra Pradesh,Visakhapatnam,Dwaraka Nagar,530016,Bus,17.733604,83.312926,Satyam Computers Bus Stop,Unknown,Beside Wipro IT Company| Satyam Junction| Seethammadhara Rd| Old TB Hospital Area| Seetamma Peta| Dwaraka Nagar| Visakhapatnam| Andhra Pradesh 530016
Andhra Pradesh,Visakhapatnam,Asilmetta,530003,Gas,17.726124,83.312795,BP Petrol,Unknown,2Unknowna Gautami Apartment K Pudi Layout| Cbm Compound| CBM Compound| Asilmetta| Visakhapatnam| Andhra Pradesh 530003
Andhra Pradesh,Visakhapatnam,Ram Nagar,530002,College,17.719743,83.31279,Care Waltair Nursing College,Unknown,50 51| 10Unknown50Unknown51| Waltair Main Rd| Ram Nagar| Visakhapatnam| Andhra Pradesh 530002
Andhra Pradesh,Visakhapatnam,Seethammadhara,530013,College,17.741566,83.312127,Pydah Womens College,Unknown,9Unknown13Unknown9/2| Swarna Bharati Stadium| New Resapuvanipalem| TPT Colony| Balayya Sastri Layout| Seethammadara| Visakhapatnam| Andhra Pradesh 530013
Andhra Pradesh,Visakhapatnam,Dwaraka Nagar,530016,Bus,17.728078,83.311649,Rama Talkies Bus Stop,Unknown,Rama Talkies Rd| CBM Compound| Dwaraka Nagar| Visakhapatnam| Andhra Pradesh 530016
Andhra Pradesh,Visakhapatnam,Dwaraka Nagar,530002,Theatre,17.728002,83.31121,Sree Rama Picture Palace,Unknown,Ramatalkies Rd| Ram Nagar| RTC Complex| Ramatalkies Area| Dwaraka Nagar| Visakhapatnam| Andhra Pradesh 530002
Andhra Pradesh,Visakhapatnam,Maharanipeta,530002,Bus,17.710229,83.311165,Zilla Parishad Bus Station,Unknown,Krishnagar| Krishna Nagar| Maharani Peta| Visakhapatnam| Andhra Pradesh 530002
Andhra Pradesh,Visakhapatnam,Ram nagar,530002,Bus,17.718795,83.311088,Lions club Bus Stand,Unknown,Ram Nagar Rd| Nehru Nagar TPT/VUDA Colony| Nehru Nagar| Ram Nagar| Visakhapatnam| Andhra Pradesh 530002
Andhra Pradesh,Visakhapatnam,Dwaraka Nagar,530020,Theatre,17.728231,83.309833,Pyramad Saimira Theatre,Unknown,Srinagar| D No 48/6/13/8| Srinagar| Ramatalkies Area| Dwaraka Nagar| Visakhapatnam| Andhra Pradesh 530020
Andhra Pradesh,Visakhapatnam,Rtc Complex JN,530016,Gas,17.723902,83.308512,HP Petrol,Sri Sivasailam,D.NO.:48 Unknown19Unknown 11|opp.rtc Complex Junction| Visakhapatnam| Asilmetta| Visakhapatnam| Andhra Pradesh 530016
Andhra Pradesh,Visakhapatnam,Dwaraka Nagar,530013,Bus,17.736621,83.308454,Gurudwara,Unknown,NH16| TPT Colony| Balayya Sastri Layout| Dwaraka Nagar| Visakhapatnam| Andhra Pradesh 530013
Andhra Pradesh,Visakhapatnam,Aslimetta,530020,Theatre,17.725207,83.308315,Videons,Unknown,RTC Complex| 204| Rama Talkies Rd| Srinagar| Asilmetta| Visakhapatnam| Andhra Pradesh 530020
Andhra Pradesh,Visakhapatnam,Seethammadhara,530013,College,17.742072,83.308246,Pydah College of Nursing,Unknown,TPT Colony| Seethammadara| Visakhapatnam(Vizag)| Andhra Pradesh 530013
Andhra Pradesh,Visakhapatnam,Seethammadhara,530013,College,17.742902,83.308117,Kripakamal College Of Paramaedical Sciences,Unknown,Kondala Agraharam| Seethammadhara| Seethammadhara| Seethammadara| Visakhapatnam| Andhra Pradesh 530013
Andhra Pradesh,Visakhapatnam,Seethammadara,530013,Bus,17.745557,83.308023,Seethammadara NE Bus Stop,Unknown,North Extension| Seethammadara| Visakhapatnam| Andhra Pradesh 530013
Andhra Pradesh,Visakhapatnam,Dwaraka Nagar,530004,Bus,17.724105,83.307939,38 Bus Stop,Unknown,9Unknown7| RTC Complex Inner Road| Nehru Nagar| Dwaraka Nagar| Visakhapatnam| Andhra Pradesh 530004
Andhra Pradesh,Visakhapatnam,Dwaraka Nagar,530004,Bus,17.722376,83.307628,GVMC Bus Stop,Unknown,Jail Rd| Dwaraka Nagar| Visakhapatnam| Andhra Pradesh 530004
Andhra Pradesh,Visakhapatnam,Maharanipeta,530002,Bus,17.708632,83.307204,Collector Office Bus Stop,Unknown,KGH Down Rd| Krishna Nagar| Maharani Peta| Visakhapatnam| Andhra Pradesh 530002
Andhra Pradesh,Visakhapatnam,Dwaraka Nagar,530004,Bus,17.724063,83.307086,Dwaraka Bus Station Complex,Unknown,Dwaraka Nagar| Visakhapatnam| Andhra Pradesh 530004
Andhra Pradesh,Visakhapatnam,Dwaraka Nagar,530004,Bus,17.720931,83.306857,Jail Road Bus Stop,Unknown,Dwaraka Nagar| Visakhapatnam| Andhra Pradesh 530004
Andhra Pradesh,Visakhapatnam,Jagadamba,530002,Bus,17.708724,83.306678,KGH Bus Stop,Unknown,KGH Down Rd| Jagadamba Junction| Visakhapatnam Port| Andhra Pradesh 530002
Andhra Pradesh,Visakhapatnam,Dwaraka Nagar,530004,Bus,17.72334,83.30496,R T C Complex 400 Bus Stop,Unknown,Dwaraka Nagar| Visakhapatnam| Andhra Pradesh 530004
Andhra Pradesh,Visakhapatnam,Dwaraka Nagar,530004,Bus,17.72334,83.304959,RTC Complex 400 Bus Stop,Unknown,Dwaraka Nagar| Visakhapatnam| Andhra Pradesh 530004
Andhra Pradesh,Visakhapatnam,Jagadamba,530020,Bus,17.715362,83.303909,Judge Court Bus Stop,Unknown,Jail Rd| State Bank Of India Colony| Nehru Nagar| Jagadamba Junction| Visakhapatnam| Andhra Pradesh 530020
Andhra Pradesh,Visakhapatnam,Jagadamba,530020,Bus,17.711098,83.303207,Masjid Bus Stop,Unknown,Jagadamba Junction| Visakhapatnam Port| Andhra Pradesh 530020
Andhra Pradesh,Visakhapatnam,Dwaraka Nagar,530016,Theatre,17.725522,83.302463,Sangam Theatre,Unknown,Station Road| Dwaraka Nagar| Dondaparthy| Dwaraka Nagar| Visakhapatnam| Andhra Pradesh 530016
Andhra Pradesh,Visakhapatnam,Jagadamba,530020,Bus,17.712152,83.302403,Jagadamba Bus Stop,Unknown,Jagadamba Junction| Visakhapatnam| Andhra Pradesh 530020
Andhra Pradesh,Visakhapatnam,Dwaraka Nagar,530016,Theatre,17.725472,83.302351,Sarath AC Theatre,Unknown,Railway Station Road| Near RTC Complex| Dondaparthy| Dwaraka Nagar| Visakhapatnam| Andhra Pradesh 530016
Andhra Pradesh,Visakhapatnam,Jagadamba Junction,530020,Theatre,17.71234,83.302199,Rama Devi Theatre,Unknown,Jagadamba Junction| Visakhapatnam| Andhra Pradesh 530020
Andhra Pradesh,Visakhapatnam,Jagadamba Junction,530002,Theatre,17.712272,83.302194,Sharada Theatre,Unknown,10/6A|| 28Unknown4Unknown10/6A| Yellamathota Road| Behind Tummidi Brothers| Jagadamba Junction| Visakhapatnam| Andhra Pradesh 530002
Andhra Pradesh,Visakhapatnam,Jagadamba Junction,530020,Theatre,17.712187,83.302173,Jagadamba 4K Theatre,Unknown,Jagadamba Junction| Visakhapatnam| Andhra Pradesh 530020
Andhra Pradesh,Visakhapatnam,Jagadamba,530002,Bus,17.711309,83.302147,Chandana Bros Bus Stop,Unknown,Town Main Rd| Jagadamba Junction| Visakhapatnam Port| Andhra Pradesh 530002
Andhra Pradesh,Visakhapatnam,Jagadamba,530002,Bus,17.71078,83.302032,Leepakshi Bus Stop,Unknown,KGH Down Rd| Jagadamba Junction| Visakhapatnam Port| Andhra Pradesh 530002
Andhra Pradesh,Visakhapatnam,Jagadamba JN,530020,Gas,17.711076,83.301989,HP Petrol,,HP Petrol Bunk| Town Main Road| Jagadamba Junction| Suryabagh| Jagadamba Junction| Visakhapatnam| Andhra Pradesh 530020
Andhra Pradesh,Visakhapatnam,Jagadamba Junction,530020,Theatre,17.712325,83.301979,Jagadamba Theatre,Unknown,Unnamed Road| Suryabagh| Jagadamba Junction| Visakhapatnam| Andhra Pradesh 530020
Andhra Pradesh,Visakhapatnam,Sabbavaram,530016,College,17.72942,83.301432,Simhadri Educational Society,Unknown,Narapadu| Ammuluapalem| Sabbavaram| Dondaparthy| Railway New Colony| Visakhapatnam| Andhra Pradesh 530016
Andhra Pradesh,Visakhapatnam,Jagadamba Junction,530020,Theatre,17.71239,83.301348,Inox Chitralayaa Multiplex,Unknown,4th Floor| Chitralayaa| Chitralaya Rd| Jagadamba Junction| Visakhapatnam| Andhra Pradesh 530020
Andhra Pradesh,Visakhapatnam,MVP Colony,530001,College,17.704046,83.30125,A V N College,Unknown,21Unknown1Unknown17 Near Head post office| Sector 10| MVP Colony| Visakhapatnam| Andhra Pradesh 530001
Andhra Pradesh,Visakhapatnam,Jagadamba Junction,530020,Theatre,17.713104,83.300789,Sri venkateswara Theatre,Unknown,Daba Gardens| Jagadamba Junction| Visakhapatnam| Andhra Pradesh 530020
Andhra Pradesh,Visakhapatnam,Jagadamba Junction,530020,Theatre,17.711763,83.300753,V Max Theatre,Unknown,Chitralaya Road| Jagadamba Junction| Suryabagh| Jagadamba Junction| Visakhapatnam| Andhra Pradesh 530020
Andhra Pradesh,Visakhapatnam,Jagadamba Junction,530020,Theatre,17.711393,83.300475,Melody Theatre,Unknown,Chitralaya Rd| Beside V Max Theatre| Jagadamba Junction| Suryabagh| Jagadamba Junction| Visakhapatnam| Andhra Pradesh 530020
Andhra Pradesh,Visakhapatnam,Mahaarajupeta,530004,Gas,17.724247,83.300392,Unknown,Unknown,Railway Quarters| Mahaarajupeta| Visakhapatnam| Andhra Pradesh 530004
Andhra Pradesh,Visakhapatnam,Jagadamba Junction,530001,Theatre,17.708885,83.300386,Mukta A2 Cinema,Unknown,Town Main Road| Jagadamba Junction| Visakhapatnam Part| Jagadamba Junction| Visakhapatnam| Andhra Pradesh 530001
Andhra Pradesh,Visakhapatnam,Akkayyapalem,530016,Bus,17.731461,83.299413,Sangam Office Bus Stop,Unknown,Akkayyapalem Rd| Srinivas Nagar| Lalitha Nagar| Akkayyapalem| Visakhapatnam| Andhra Pradesh 530016
Andhra Pradesh,Visakhapatnam,Dondaparthy,530016,Theatre,17.726642,83.299407,Sri Surya Mall,Unknown,Mandavaripeta| P & T Colony| Dondaparthy| Railway New Colony| Visakhapatnam| Andhra Pradesh 530016
Andhra Pradesh,Visakhapatnam,Jagadamba,530020,Bus,17.71103,83.299347,Police Barracks Bus Stop,Unknown,Raja Rammohan Roy Rd| Suryabagh| Jagadamba Junction| Visakhapatnam Port| Andhra Pradesh 530020
Andhra Pradesh,Visakhapatnam,Mandavaripeta,530016,College,17.726129,83.299182,Gitam University,Unknown,530016| 43Unknown29Unknown26| Akkayyapalem Rd| Mandavaripeta| Dondaparthy| Railway New Colony| Visakhapatnam| Andhra Pradesh 530016
Andhra Pradesh,Visakhapatnam,Jagadamba Junction,530001,Theatre,17.70755,83.298794,Srikanth Cinema hall,Unknown,26Unknown1Unknown30| Bowdara Road| Mataji Bag| Purna Market| Jagadamba Junction| Visakhapatnam| Andhra Pradesh 530001
Andhra Pradesh,Visakhapatnam,Jagadamba Junction,530001,Theatre,17.707665,83.298782,SriKanthi Theatre,Unknown,Town Kotha Rd| Pandupulla Sandhu| Purna Market| Jagadamba Junction| Visakhapatnam| Andhra Pradesh 530001
Andhra Pradesh,Visakhapatnam,Allipuram,530020,Gas,17.713295,83.298774,Indian Oil Petrol,Unknown,Dolphin Area| Daba Gardens| Allipuram| Visakhapatnam| Andhra Pradesh 530020
Andhra Pradesh,Visakhapatnam,Waltair Station,530004,Bus,17.725184,83.298505,Dondaparthy Bus Stop,Unknown,Waltair Station Approach Rd| Railway Quarters| Railway New Colony| Visakhapatnam| Andhra Pradesh 530004
Andhra Pradesh,Visakhapatnam,Jagadamba JN,530020,Gas,17.712119,83.298491,Unknown Petrol,Leela Mahal Petrol Pump,Dolphin Area| Daba Gardens| Jagadamba Junction| Visakhapatnam| Andhra Pradesh 530020
Andhra Pradesh,Visakhapatnam,Jagadamba,530001,Bus,17.706218,83.298472,Purna Market Bus Stop,Unknown,Town Main Rd| Pandupulla Sandhu| Jagadamba Junction| Visakhapatnam Port| Andhra Pradesh 530001
Andhra Pradesh,Visakhapatnam,Allipuram,530020,Bus,17.71252,83.297846,Saraswati Park Bus Stop,Unknown,Dolphin Area| Daba Gardens| Allipuram| Visakhapatnam| Andhra Pradesh 530020
Andhra Pradesh,Visakhapatnam,Jagadamba Junction,530020,Theatre,17.713662,83.297437,Jothee Theatre,Unknown,Jothee Theatre Rd| Suryabagh| Daba Gardens| Jagadamba Junction| Dolphin Area| Daba Gardens| 104 Area| Visakhapatnam| Andhra Pradesh 530020
Andhra Pradesh,Visakhapatnam,Jagadamba,530001,Bus,17.70799,83.297133,Purna Market Bus Stop,Unknown,Raja Rammohan Roy Rd| Mataji Bag| Purna Market| Jagadamba Junction| Visakhapatnam| Andhra Pradesh 530001
Andhra Pradesh,Visakhapatnam,Jagadamba Junction,530001,Theatre,17.709023,83.297087,Sri Kanti Cinema,Unknown,Poorna Market| Mataji Bag| Purna Market| Jagadamba Junction| Visakhapatnam| Andhra Pradesh 530001
Andhra Pradesh,Visakhapatnam,Railway Colony,530016,Theatre,17.727933,83.29508,Sri Kanya Theatre,Unknown,Railway New Colony Road| Near Piaggio Motors| Railway New Colony| Sri Siddi Enclave| Railway New Colony| Visakhapatnam| Andhra Pradesh 530016
Andhra Pradesh,Visakhapatnam,Railway Colony,530016,Theatre,17.727928,83.295039,Sree Kanya Movie Theatre,Unknown,43Unknown9Unknown175| opposite SBI| Railway New Colony Rd| Dondaparthy| Railway New Colony| Visakhapatnam| Andhra Pradesh 530016
Andhra Pradesh,Visakhapatnam,Jagadamba JN,530001,Gas,17.708583,83.294328,HP Petrol,KAN Sons,Hpcl Dealers|d.no.: 26Unknown 3 Unknown1| 75 Feet Road Visakhapatnam| Jagadamba Junction| Visakhapatnam| Andhra Pradesh 530001
Andhra Pradesh,Visakhapatnam,Maharajupeta,530004,Theatre,17.71691,83.294127,Gokul Theatre,Unknown,Karnala Street| Railway Station Road Rama Chandra Circle| Allipuram| Nerella Koneru| Mahaarajupeta| Daba Gardens| 104 Area| Visakhapatnam| Andhra Pradesh 530004
Andhra Pradesh,Visakhapatnam,Ananthavaram,531219,Bus,17.967365,83.29389,Ananthavaram Bus Stop,Unknown,sbi brahamgari matam rachabanda sriram temple| Ananthavaram| Andhra Pradesh 531219
Andhra Pradesh,Visakhapatnam,Kailasapuram,530024,Bus,17.73876,83.293364,Port Hospital Bus Stop,Unknown,Bus Stop Ln| Port Quarters| Kailasapuram| Visakhapatnam| Andhra Pradesh 530024
Andhra Pradesh,Visakhapatnam,Jagadamba Junction,530001,Gas,17.704399,83.293322,HP Petrol,ASR Murthy Visakh,H PCL Dealers |D.NO.:26Unknown3Unknown8 Chittaranjan Marg Visakhapatnam| Jagadamba Junction| Visakhapatnam| Andhra Pradesh 530001
Andhra Pradesh,Visakhapatnam,Sontyam,531173,Gas,17.870698,83.292026,HP Petrol,Parvati ,Sonthyam Mandal| Sontyam Village Rd| Visakhapatnam| Andhra Pradesh 531173
Andhra Pradesh,Visakhapatnam,Pendurthi,531173,Theatre,17.862851,83.284665,Bonsai At Hari,Unknown,PendurthiUnknownAnandapuram Rd| Visakhapatnam| Andhra Pradesh 531173
Andhra Pradesh,Visakhapatnam,Sontyam,531173,Gas,17.860626,83.28283,Unknown,Sontyam Petrol Pump,Visakhapatnam| Andhra Pradesh 531173
Andhra Pradesh,Visakhapatnam,Kailasapuram,530008,Bus,17.735406,83.279271,Kancharapalem Bus Stop,Unknown,Sanjeevaiah Colony| Kailasapuram| Visakhapatnam| Andhra Pradesh 530008
Andhra Pradesh,Visakhapatnam,Kancharapalem,530008,Bus,17.732031,83.278019,Kancharapalem Bus Stop,Unknown,Gnanapuaram Main Rd| Gavara Kanchara Palem| Kancharapalem| Visakhapatnam| Andhra Pradesh 530008
Andhra Pradesh,Visakhapatnam,Mudasarlova,530040,Bus,17.776315,83.27241,Pineapple Bus Stop,Unknown,Mudasarlova Rd| Pineapple Colony| Visakhapatnam| Andhra Pradesh 530040
Andhra Pradesh,Visakhapatnam,Marripalem,530018,Theatre,17.735236,83.271562,Urvasi Theatre,Unknown,0/8/04| Bowdra Ring Rd| Marripalem Bus Stop| Area| Urvasi Theatre Area| Gavara Kanchara Palem| Kancharapalem| Visakhapatnam| Andhra Pradesh 530018
Andhra Pradesh,Visakhapatnam,Kancharapalem,530007,Bus,17.7377058,83.270697,Urvasi NH Bus Stop,Unknown,Urvasi Theatre Area| Gavara Kanchara Palem| Kancharapalem| Visakhapatnam| Andhra Pradesh 530007
Andhra Pradesh,Visakhapatnam,Madhavadhara,530007,Bus,17.745933,83.267144,48ABus Stop,Unknown,Sector 3| Nehru Nagar| Madhavadhara| Visakhapatnam| Andhra Pradesh 530007
Andhra Pradesh,Visakhapatnam,Hpcl Steel Plant,530011,Gas,17.713447,83.266176,BP Petrol,Vizag Port Petrol Bunk,Scindia Rd| Collgate Bus Stop| HPCL Steel Plant| Visakhapatnam| Andhra Pradesh 530011
Andhra Pradesh,Visakhapatnam,Kancharapalem,530008,Bus,17.740169,83.26611,Satyanagar Bus Stop,Unknown,Urvasi| Nehru Nagar| Kancharapalem| Visakhapatnam| Andhra Pradesh 530008
Andhra Pradesh,Visakhapatnam,Kancharapalem,530007,Bus,17.739941,83.265662,Vth Twon Police Station Bus Stop,Unknown,Gavara Kanchara Palem| Kancharapalem| Visakhapatnam| Andhra Pradesh 530007
Andhra Pradesh,Visakhapatnam,Madhavadhara,530007,Bus,17.746834,83.263804,Muralinagar 48a Bus Stand,Unknown,Burma Colony| Muralinagar| Madhavadhara| Visakhapatnam| Andhra Pradesh 530007
Andhra Pradesh,Visakhapatnam,kancharapalem,530008,Gas,17.740897,83.262528,Indian Oil Petrol,Unknown,Bowdra Ring Rd| Urvari| Nehru Nagar| Kancharapalem| Visakhapatnam| Andhra Pradesh 530008
Andhra Pradesh,Visakhapatnam,Madhavadhara,530007,Theatre,17.74814,83.260466,Visakha Dairy Theatre,Unknown,Unnamed Road| Tenneti Nagar| Muralinagar| Madhavadhara| Visakhapatnam| Andhra Pradesh 530007
Andhra Pradesh,Visakhapatnam,Marripalem,530018,Theatre,17.738222,83.260052,Sri Lakshmi Narasimha Theatre,Unknown,Area 104| Industrial Estate Post| Bowdra Ring Road| Marripalem| Old Kasara| Sai Nagar| Kancharapalem| Visakhapatnam| Andhra Pradesh 530018
Andhra Pradesh,Visakhapatnam,Marripalem,530018,Bus,17.743216,83.259672,Birla Bus Stop,Unknown,Sai Nagar| Marripalem| Visakhapatnam| Andhra Pradesh 530018
Andhra Pradesh,Visakhapatnam,Madhavadhara,530007,Bus,17.748629,83.258405,Madhavadhara Bus Stop,Unknown,Tenneti Nagar| Muralinagar| Madhavadhara| Visakhapatnam| Andhra Pradesh 530007
Andhra Pradesh,Visakhapatnam,Marripalem,530018,Gas,17.743758,83.254717,Unknown Petrol,Unknown,Sai Nagar| Marripalem| Visakhapatnam| Andhra Pradesh 530018
Andhra Pradesh,Visakhapatnam,Madhavadhara,530009,Bus,17.74993,83.254217,Kalinganagar Bus Stop,Unknown,Kalinganagar| Madhavadhara| Visakhapatnam| Andhra Pradesh 530009
Andhra Pradesh,Visakhapatnam,Madhavadhara,530009,Bus,17.745772,83.252862,Pinjab Hotel Bus Stop,Unknown,Kalinganagar| Madhavadhara| Visakhapatnam| Andhra Pradesh 530009
Andhra Pradesh,Visakhapatnam,Hpcl Steel Plant,530014,Gas,17.705905,83.25167,BP Petrol,Unknown,BPCL Rd| HPCL Steel Plant| Visakhapatnam Port| Andhra Pradesh 530014
Andhra Pradesh,Visakhapatnam,Madhavadhara,530009,Bus,17.750251,83.249794,Vuda Colony Bus Stop,Unknown,530018| LIG| Vuda Layout| Madhavadhara| Visakhapatnam| Andhra Pradesh 530009
Andhra Pradesh,Visakhapatnam,Marripalem,530018,Gas,17.739589,83.249396,HP Petrol,D V Ramachandraraju,S NO 96/3 Marripalem Main Road| FCI Nagar| Marripalem| Visakhapatnam| Andhra Pradesh 530018
Andhra Pradesh,Visakhapatnam,Kolavanipalem,531173,Theatre,17.898664,83.248582,Manikanta Theatre,Unknown,Gidijala Unknown Kothavalasa Rd| Kolavanipalem| Andhra Pradesh 531173
Andhra Pradesh,Visakhapatnam,Simhachalam,530028,Bus,17.766786,83.248457,Simhachala Bus Stop,Unknown,RTC Bus Stand| Nearby Bus Steps| Simhachalam| Visakhapatnam| Andhra Pradesh 530028
Andhra Pradesh,Visakhapatnam,Madhavadhara,530009,Bus,17.747587,83.247511,R & B Bus Stop,Unknown,Vuda Layout| Madhavadhara| Visakhapatnam| Andhra Pradesh 530009
Andhra Pradesh,Visakhapatnam,Marripalem,530018,Gas,17.739916,83.246306,BP Petrol,Sri Sai Petroleums,FCI Nagar| Marripalem| Visakhapatnam| Andhra Pradesh 530018
Andhra Pradesh,Visakhapatnam,Malkapuram,530001,Theatre,17.687029,83.245917,Sri Mahalakshmi,Unknown,Malkapuram Vizag| Poorna Market| Poorna Market| Malkapuram| Visakhapatnam| Andhra Pradesh 530001
Andhra Pradesh,Visakhapatnam,Simhachalam,530028,Bus,17.772696,83.245584,Simhachalam Temple Bus Stop,Unknown,Simhachalam Rd| Near Bus Stop| Sri Sai Nagar| Simhachalam| Visakhapatnam| Andhra Pradesh 530028
Andhra Pradesh,Visakhapatnam,Simhachalam,530028,Bus,17.772651,83.24544,Simhachalam Bus Station,Unknown,Old Adavivaram| Sri Sai Nagar| Simhachalam| Visakhapatnam| Andhra Pradesh 530028
Andhra Pradesh,Visakhapatnam,Hpcl Steel Plant,530009,Gas,17.717106,83.24416,HP Petrol,Unknown,S NO 2 Part Petro Park Mullagadda| HPCL Steel Plant| Visakhapatnam| Andhra Pradesh 530009
Andhra Pradesh,Visakhapatnam,Simhachalam,530028,Bus,17.771156,83.243491,Simhachalam RTC Bus Station,Unknown,Venkateswaraswamy Temple Rd| Old Adavivaram| Sri Sai Nagar| Simhachalam| Visakhapatnam| Andhra Pradesh 530028
Andhra Pradesh,Visakhapatnam,Marripalem,530009,Bus,17.740792,83.242045,Karasa Bus Stop,Unknown,Old Karasa| Marripalem| Visakhapatnam| Andhra Pradesh 530009
Andhra Pradesh,Visakhapatnam,Nad Junction,530009,Gas,17.74028,83.241871,Indian Oil Petrol,Unknown,Priyanka Residency| OLD KARASA| Bowdra Ring Rd| Nad Junction| Ganesh Nagar| NSTL| Visakhapatnam| Andhra Pradesh 530009
Andhra Pradesh,Visakhapatnam,Sriharipuram,530011,Bus,17.689166,83.241187,R K Puram Bus Stop,Unknown,GNT Rd| Sriharipuram| Visakhapatnam| Andhra Pradesh 530011
Andhra Pradesh,Visakhapatnam,Marripalem,530018,Gas,17.746043,83.239854,Reliance Petrol,Unknown,Near Hanuman Temple| Netaji Colony| Marripalem| Visakhapatnam| Andhra Pradesh 530018
Andhra Pradesh,Visakhapatnam,Sriharipuram,530011,Bus,17.683571,83.237184,Balaganapathi Temple Bus Stop,Unknown,Sriharipuram| Visakhapatnam Port| Andhra Pradesh 530011
Andhra Pradesh,Visakhapatnam,Nad Junction,530027,Bus,17.743877,83.236108,NAD Bus Stop,Unknown,Bus Stop Ln| N.A.D. New Road| National Highway 5 Road| Nad Junction| Shanti Nagar| NSTL| Visakhapatnam| Andhra Pradesh 530027
Andhra Pradesh,Visakhapatnam,Nad Junction,530027,Gas,17.743131,83.235518,Indian Oil Petrol,Unknown,NH16| Nad Junction| NSTL| Visakhapatnam| Andhra Pradesh 530027
Andhra Pradesh,Visakhapatnam,Nad Junction,530009,Bus,17.742089,83.235281,NAD Cross Road Bus Stop,Unknown,Nad Junction| Ganesh Nagar| NSTL| Visakhapatnam| Andhra Pradesh 530009
Andhra Pradesh,Visakhapatnam,Pendurthi,530027,Bus,17.742854,83.234648,NAD X Road Bus Stop,Unknown,PendurthiUnknownNAD BRTS Express Way| Nad Junction| NSTL| Visakhapatnam| Andhra Pradesh 530027
Andhra Pradesh,Visakhapatnam,Gopalapatnam,530027,College,17.743425,83.234241,Jatlee Prerana Polytechnic,Unknown,Nad Kotha Road| Nad Junction| Near By Araku Road| Gopalapatnam| Shanti Nagar| NSTL| Visakhapatnam| Andhra Pradesh 530027
Andhra Pradesh,Visakhapatnam,Sriharipuram,530011,Theatre,17.685407,83.233081,Buddha Ramesh,Unknown,63Unknown1Unknown31| Burma Colony| Sriharipuram| Visakhapatnam| Andhra Pradesh 530011
Andhra Pradesh,Visakhapatnam,Sriram Nagar,530011,Theatre,17.690828,83.232359,SVC Likitha Cinema Hall,Unknown,64Unknown2Unknowna7| Annamma Colony Road| Ajantha Colony| Sriram Nagar| Coromandel Colony| Ajantha Colony| Sriram Nagar| Visakhapatnam| Andhra Pradesh 530011
Andhra Pradesh,Visakhapatnam,Sriram Nagar,530011,College,17.694346,83.231419,Narayana Junior College,Unknown,pilakavanipalem| Pittalavanipalem| Sriram Nagar| Visakhapatnam Port| Andhra Pradesh 530011
Andhra Pradesh,Visakhapatnam,Simhachalam,530027,Theatre,17.747594,83.231314,Sukanya Theatre,Unknown,Susarla Colony| NSTL| Visakhapatnam| Andhra Pradesh 530027
Andhra Pradesh,Visakhapatnam,Sahethikapuram,530067,Bus,17.735729,83.231195,Kakani Nagar Bus Stop,Unknown,NH16| Sahethikapuram| Kakani Nagar Bus Stop| Kakani Nagar| Visakhapatnam| Andhra Pradesh 530067
Andhra Pradesh,Visakhapatnam,Simhachalam,530027,Bus,17.767748,83.2283,Srinivasa Nagar Bus Stop,Unknown,Simhachalam Rd| Prahaladapuram| Simhachalam| Visakhapatnam| Andhra Pradesh 530027
Andhra Pradesh,Visakhapatnam,Gopalapatnam,530027,Bus,17.743961,83.228151,Bajji Junction Bus Stop,Unknown,Araku Unknown Visakhapatnam Rd| Baaji Junction| Near By Araku Road| Gopalapatnam| Simhachalam| Visakhapatnam| Andhra Pradesh 530027
Andhra Pradesh,Visakhapatnam,Gopalapatnam,530027,College,17.744491,83.226511,Bhashyam IIT Junior College,Unknown,Sri Dharani Castle| 2Unknown134| Araku Unknown Visakhapatnam Rd| Opposite Gopalapatnam Police Station| Gopalapatnam| Simhachalam| Visakhapatnam| Andhra Pradesh 530027
Andhra Pradesh,Visakhapatnam,Gopalapatnam,530027,College,17.744581,83.226348,Kumar's Polytechnic,Unknown,Gopalapatnam Main Road| Junior College| Gopalapatnam| Simhachalam| Visakhapatnam| Andhra Pradesh 530027
Andhra Pradesh,Visakhapatnam,Kakani Nagar,530027,Bus,17.733501,83.225727,Viman Nagar Bus Stop,Unknown,Kakani Nagar| Visakhapatnam| Andhra Pradesh 530027
Andhra Pradesh,Visakhapatnam,Visakhapatnam,530009,Bus,17.732739,83.225067,Airport Bus Stop,Unknown,NH16| Visakhapatnam Airport| Visakhapatnam| Andhra Pradesh 530009
Andhra Pradesh,Visakhapatnam,Prahaladapuram,530029,Bus,17.764157,83.22479,Prahaladapuram Bus Stop,Unknown,Simhachalam Rd| Chandanapuri Colony| Prahaladapuram| Simhachalam| Visakhapatnam| Andhra Pradesh 530029
Andhra Pradesh,Visakhapatnam,Gajuwaka,530026,Bus,17.691062,83.224289,Gajuwaka Bus Depot,Unknown,Zoon Road| RTC Depo| New Gajuwaka| Gajuwaka| Visakhapatnam| Andhra Pradesh 530026
Andhra Pradesh,Visakhapatnam,Gajuwaka,530026,Bus,17.69025,83.224262,Tarakarama Bus Stop,Unknown,New Gajuwaka Zoon Road| RTC Depo| ZINC Colony| Gajuwaka| Visakhapatnam| Andhra Pradesh 530026
Andhra Pradesh,Visakhapatnam,Prahaladapuram,530029,Bus,17.762779,83.223553,Prahaladapuram Bus Stop,Unknown,Simhachalam Rd| Prahaladapuram| Simhachalam| Visakhapatnam| Andhra Pradesh 530029
Andhra Pradesh,Visakhapatnam,Waltair Uplands,530003,Theatre,17.72194,83.222779,K Sangam Sarat Theatre,Unknown,Near Facor Layout| D No 10Unknown28Unknown3| Waltair Uplands| Waltair Uplands| Visakhapatnam| Andhra Pradesh 530003
Andhra Pradesh,Visakhapatnam,Simhachalam,530029,Bus,17.761128,83.222512,unknown,Unknown,simhagiri vihar 14Unknown793 F3 datta sai nagar Prahaladapuram| Prahaladapuram| Simhachalam| Visakhapatnam| Andhra Pradesh 530029
Andhra Pradesh,Visakhapatnam,Simhachalam,530027,Theatre,17.74526,83.22251,Mourya A/C Dts Theatre,Unknown,Road| Gopalapatnam Main Road| Nad Junction| Gopalapatnam| Simhachalam| Visakhapatnam| Andhra Pradesh 530027
Andhra Pradesh,Visakhapatnam,Gopalapatnam,530027,Bus,17.745949,83.222416,SrikankaMahalaxmi Bus Stop,Unknown,Gopalapatnam| Nad Junction| Gopalapatnam| Simhachalam| Visakhapatnam| Andhra Pradesh 530027
Andhra Pradesh,Visakhapatnam,Gopalapatnam,530027,Gas,17.745062,83.222173,BP Petrol,Unknown,D.No.11Unknown207| Gopalapatnam Main Road| Nad Junction| Gopalapatnam| Dungalavanipalem| Visakhapatnam| Andhra Pradesh 530027
Andhra Pradesh,Visakhapatnam,Gopalapatnam,530027,Bus,17.746484,83.221405,Gopalapatnam Bus Stop,Unknown,Simhachalam Railway Station Rd| Nad Junction| Gopalapatnam| Simhachalam| Visakhapatnam| Andhra Pradesh 530027
Andhra Pradesh,Visakhapatnam,Gopalapatnam,530026,Bus,17.756598,83.22139,Simhachalam Devasthanam Bus Depo,Unknown,Simhachalam Rd| Bus Depo| Gopalapatnam| Simhachalam| Visakhapatnam| Andhra Pradesh 530026
Andhra Pradesh,Visakhapatnam,Simhachalam,530027,Theatre,17.750619,83.221162,Balaji,Unknown,13Unknown383| Gopalapatnam Main Road| Indiranagar| Gopalapatnam| Simhachalam| Visakhapatnam| Andhra Pradesh 530027
Andhra Pradesh,Visakhapatnam,Simhachalam,530027,Theatre,17.746398,83.220585,Sri Narasimha Theatre,Unknown,Gopalapatnam Main Road| Gopalapatnam| Simhachalam| Nad Junction| Gopalapatnam| Simhachalam| Visakhapatnam| Andhra Pradesh 530027
Andhra Pradesh,Visakhapatnam,Simhachalam,530027,Theatre,17.749313,83.219779,Sowjanya Theatre,Unknown,14Unknown244| Gopalapatnam Main Road| Laxmi Nagar| Gopalapatnam| Simhachalam| Visakhapatnam| Andhra Pradesh 530027
Andhra Pradesh,Visakhapatnam,Simhachalam,530027,Theatre,17.749193,83.219681,Sukanya Theatre,Unknown,14Unknown244| Gopalpatnam Main Road| Gopalapatnam| Simhachalam| Visakhapatnam| Andhra Pradesh 530027
Andhra Pradesh,Visakhapatnam,Simhachalam,530027,Theatre,17.750304,83.218834,Sankara A/C dts,Unknown,Gopalapatnam Main Road| Gopalapatnam| Simhachalam| Visakhapatnam| Andhra Pradesh 530027
Andhra Pradesh,Visakhapatnam,Simhachalam,530027,Theatre,17.750441,83.218753,Sankara and Satyam Theatre,Unknown,Araku Unknown Visakhapatnam Rd| Opposite CMR Shopping Mall|Beside Union Bank| Gopalapatnam| Simhachalam| Visakhapatnam| Andhra Pradesh 530027
Andhra Pradesh,Visakhapatnam,Simhachalam,530027,Theatre,17.750278,83.218601,Shankara Theatre,Unknown,Araku Unknown Visakhapatnam Rd| Behind Union Bank| Main Road| Gopalapatnam| Simhachalam| Visakhapatnam| Andhra Pradesh 530027
Andhra Pradesh,Visakhapatnam,Gajuwaka,530002,Theatre,17.686847,83.218497,Rajkamal Theatre,Unknown,28Unknown2Unknown48| Suryabagh| Suryabagh| Appalanrasaiah Colony| Gajuwaka| Visakhapatnam| Andhra Pradesh 530002
Andhra Pradesh,Visakhapatnam,Gajuwaka,530001,Theatre,17.686847,83.218497,Poonam Theatre,Unknown,Main Road| Appalanrasaiah Colony| Gajuwaka| Visakhapatnam| Andhra Pradesh 530001
Andhra Pradesh,Visakhapatnam,Gajuwaka,530011,Theatre,17.686814,83.218482,Nourishing,Unknown,New Gajuwaka| Gajuwaka| Visakhapatnam| Andhra Pradesh 530011
Andhra Pradesh,Visakhapatnam,Pendurthi,530027,Bus,17.751046,83.218148,Petrol Bunk Bus Stop,Unknown,PendurthiUnknownNAD BRTS Express Way| Gopalapatnam| Simhachalam| Visakhapatnam| Andhra Pradesh 530027
Andhra Pradesh,Visakhapatnam,Gopalapatnam,530047,Gas,17.752241,83.217978,HP Petrol,Unknown,Main Road| Gopalapatnam| Simhachalam| Visakhapatnam| Andhra Pradesh 530047
Andhra Pradesh,Visakhapatnam,Pedagantyada,530044,Bus,17.669123,83.217764,Ashok Nagar Bus Stop,Unknown,Gajuwaka| Pedagantyada| Visakhapatnam| Andhra Pradesh 530044
Andhra Pradesh,Visakhapatnam,Simhachalam,530029,College,17.75749,83.217569,Alwardas Polytechnic College,Unknown,Prahaladapuram| Simhachalam| Visakhapatnam| Andhra Pradesh 530029
Andhra Pradesh,Visakhapatnam,Naidu Thota,530029,Bus,17.769226,83.217168,BRTS Bus Stop,Unknown,Sai Madhava Nagar| Naidu Thota| Visakhapatnam| Andhra Pradesh 530029
Andhra Pradesh,Visakhapatnam,Gajuwaka,530026,Gas,17.685837,83.217065,Indian Oil Petrol,M. Pydichetty Son,13Unknown1Unknown7/2| High School Rd| Gajuwaka| Visakhapatnam| Andhra Pradesh 530026| India
Andhra Pradesh,Visakhapatnam,Nad Road,530029,Bus,17.768186,83.217032,Naidu Thota Junction Bus Stop,Unknown,NAD Road| Naidu Thota| Visakhapatnam| Andhra Pradesh 530029
Andhra Pradesh,Visakhapatnam,Gajuwaka,530026,Gas,17.685576,83.216743,BP Petrol,Unknown,Main Road| New Gajuwaka| Gajuwaka| Visakhapatnam| Andhra Pradesh 530026| India
Andhra Pradesh,Visakhapatnam,Vepagunta,530047,Bus,17.775647,83.216653,Vepagunta Bus Stop,Unknown,Vepagunta Main Road| A.T.M| Vepagunta| Visakhapatnam| Andhra Pradesh 530047
Andhra Pradesh,Visakhapatnam,Pedagantyada,530044,Theatre,17.675343,83.216241,Annapurna Theatre,Unknown,14Unknown20Unknown25| Dayal Nagar| New Gajuwaka| Pedagantyada| Visakhapatnam| Andhra Pradesh 530044
Andhra Pradesh,Visakhapatnam,Pendurthi,530047,Gas,17.772045,83.216079,Indian Oil Petrol,Tejaswani Filling Station,Pendurthi Unknown NAD BRTS Express Way| Vepagunta| Visakhapatnam| Andhra Pradesh 530047
Andhra Pradesh,Visakhapatnam,Gajuwaka,530026,Gas,17.679709,83.214737,HP Petrol,Sree Venkayamma Kaniki Reddy Agency ,S NO 79| Kakatiya ITI RD Junction Balacheruvu Road Gajuwaka| Azeemabad| Gajuwaka| Visakhapatnam| Andhra Pradesh 530026| India
Andhra Pradesh,Visakhapatnam,Vepagunta,530047,Bus,17.780873,83.21435,Vepagunta Bus Stop,Unknown,PendurthiUnknownNAD BRTS Express Way| Santosh Nagar| Vepagunta| Visakhapatnam| Andhra Pradesh 530047
Andhra Pradesh,Visakhapatnam,Pedagantyadu,530026,Bus,17.678665,83.214165,Gajuwaka Bus Stop,Unknown,BC Rd| New Gajuwaka| Pedagantyada| Pedagantyada| Visakhapatnam| Andhra Pradesh 530026
Andhra Pradesh,Visakhapatnam,Gajuwaka,530026,Bus,17.685437,83.213951,New Gajuwaka Bus Stop,Unknown,High School Rd| Bus Stop Main Road| New Gajuwaka| Gajuwaka| Visakhapatnam| Andhra Pradesh 530026
Andhra Pradesh,Visakhapatnam,Gajuwaka,530026,Bus,17.685795,83.213497,New Gajuwaka Market Bus Stop,Unknown,GNT Rd| Gajuwaka| Visakhapatnam| Andhra Pradesh 530026
Andhra Pradesh,Visakhapatnam,Pendurthi,531173,Bus,17.790908,83.21274,Sujatha Nagar Bus Stop,Unknown,PendurthiUnknownNAD BRTS Express Way| Near Araku Main Road| Sujatha Nagar| Pendurthi| Visakhapatnam| Andhra Pradesh 531173
Andhra Pradesh,Visakhapatnam,Pendurthi,530051,Bus,17.798662,83.210698,Sujatha Nagar Bus Stop,Unknown,Ratnagiri Nagar| B Zone| Sujatha Nagar| Pendurthi| Visakhapatnam| Andhra Pradesh 530051
Andhra Pradesh,Visakhapatnam,Gajuwaka,530026,Theatre,17.685828,83.209922,Ramachandra Max,Unknown,9Unknown7Unknown285| Lakshmikanth Complex| GNT Road| Gajuwaka| Visakhapatnam| Andhra Pradesh 530026
Andhra Pradesh,Visakhapatnam,Gajuwaka,530026,Theatre,17.685725,83.209807,Lakshmikanth Complex,Unknown,Gajuwaka Unknown Scindia Rd| New Gajuwaka| Gajuwaka| Visakhapatnam| Andhra Pradesh 530026
Andhra Pradesh,Visakhapatnam,Gajuwaka,530026,Bus,17.685555,83.209614,New Gajuwaka Theatres Bus Stop,Unknown,GNT Rd| Gajuwaka| Visakhapatnam Port| Andhra Pradesh 530026
Andhra Pradesh,Visakhapatnam,Gajuwaka,530026,Theatre,17.685227,83.208922,Mohini 35MM,Unknown,Indira Colony| Gajuwaka| Visakhapatnam(Vizag)| Andhra Pradesh 530026
Andhra Pradesh,Visakhapatnam,Gajuwaka,530026,Theatre,17.685312,83.208757,Mohini Picture Complex,Unknown,Gajuwaka Main Rd| Gajuwaka| Indira Colony| Gajuwaka| Visakhapatnam| Andhra Pradesh 530026
Andhra Pradesh,Visakhapatnam,Pedagantyada,530044,Gas,17.683363,83.208605,HP Petrol,Mummana Petroleum,S. NO. 43/5| Peda Gantyada Municipality| Dayal Nagar| Pedagantyada| Gajuwaka part| Andhra Pradesh 530044| India
Andhra Pradesh,Visakhapatnam,Pendurthi,531173,Bus,17.810863,83.207683,Pendurthi College Bus Stop,Unknown,Mahalaxmi Nagar| Pendurthi| Visakhapatnam| Andhra Pradesh 531173
Andhra Pradesh,Visakhapatnam,Pendurthi,531173,Theatre,17.823921,83.207525,Nataraj Theatre,Unknown,Visakhapatnam| Aditya Nagar| Pendurthi| Aditya Nagar| Pendurthi| Visakhapatnam| Andhra Pradesh 531173
Andhra Pradesh,Visakhapatnam,Pendruthi,531173,College,17.822857,83.207436,Sri Guru college,Unknown,sri guru college| Balaji Nagar| Pendurthi| Visakhapatnam| Andhra Pradesh 531173
Andhra Pradesh,Visakhapatnam,Pendurthi,531173,Bus,17.812117,83.207133,Bus Stop Pendurthi,Unknown,Vijaya Nagar Road| Pendurthi| Visakhapatnam| Andhra Pradesh 531173
Andhra Pradesh,Visakhapatnam,Pedagantyada,530044,Bus,17.667829,83.206913, Pedagantyada Bus Stop,Unknown,Pedagantyada| Visakhapatnam| Andhra Pradesh 530044
Andhra Pradesh,Visakhapatnam,Pendruthi,531173,College,17.817024,83.206477,Sri Guru Junior College,Unknown,Anandara road| opp| nataraj theatere| 531173| Nethaji Nagar| Mahalaxmi Nagar| Pendurthi| Visakhapatnam| Andhra Pradesh 531173
Andhra Pradesh,Visakhapatnam,Pendruthi,531173,College,17.819675,83.205969,SSN Junior College,Unknown,Near Bus Stop|| 108/1| PendurthiUnknownNAD BRTS Express Way| Near Bus Stop| Balaji Nagar| Pendurthi| Visakhapatnam| Andhra Pradesh 531173
Andhra Pradesh,Visakhapatnam,Auto Nagar,530026,Bus,17.690868,83.205692,Panthulugari Meda Bus Stop,Unknown,NH16| Auto Nagar| Visakhapatnam| Andhra Pradesh 530026
Andhra Pradesh,Visakhapatnam,BHPV Twp,530012,Bus,17.701219,83.205281, BHPV Bus Stop,Unknown,Service Rd| BHPV Twp| Visakhapatnam| Andhra Pradesh 530012
Andhra Pradesh,Visakhapatnam,Pendurthi,531173,Bus,17.822131,83.205259,Pendurthi Junction Bus Stop,Unknown,Araku Unknown Visakhapatnam Rd| Balaji Nagar| Pendurthi| Visakhapatnam| Andhra Pradesh 531173
Andhra Pradesh,Visakhapatnam,Pedagantyada,530044,Theatre,17.663778,83.205195,Aruna Picture Palace,Unknown,Pedagantyada| Visakhapatnam| Andhra Pradesh 530044
Andhra Pradesh,Visakhapatnam,Akkireddypalem,530012,Bus,17.710772,83.20517,Akkireddypalem Bus Stop,Unknown,Bus Stop Ln| Vivekananda Colony| Akkireddypalem| Visakhapatnam| Andhra Pradesh 530012
Andhra Pradesh,Visakhapatnam,Auto Nagar,530012,Bus,17.694296,83.205032,Autonagar Bus Stop,Unknown,NH16| Auto Nagar| Visakhapatnam Port| Andhra Pradesh 530012
Andhra Pradesh,Visakhapatnam,Old Gajuwaka,530026,Bus,17.685688,83.204595,Old Gajuwaka MainRoad Bus Stop,Unknown,GNT Rd| Gajuwaka| Visakhapatnam| Andhra Pradesh 530026
Andhra Pradesh,Visakhapatnam,Akkireddypalem,530012,Gas,17.716418,83.204561,BP Petrol,Unknown,NH16| Gajuwaka| Akkireddypalem| Visakhapatnam| Andhra Pradesh 530012| India
Andhra Pradesh,Visakhapatnam,Pendurthi,531173,Bus,17.821598,83.204184,Pendurthi Bus Station,Unknown,Sabbavaram Road| Pendurthi| Visakhapatnam| Andhra Pradesh 531173
Andhra Pradesh,Visakhapatnam,Old Gajuwaka,530026,Bus,17.686597,83.204038,Old Gajuwaka 38 Bus Stop ,Unknown,National Highway 05 Road| Chittinaidu Colony| Old Gajuwaka| Chaitanya Nagar| Gajuwaka| Visakhapatnam| Andhra Pradesh 530026
Andhra Pradesh,Visakhapatnam,Gajuwaka,530026,Bus,17.685881,83.203717,Old Gajuwaka Bus Stop ,Unknown,Service Rd| Chaitanya Nagar| Gajuwaka| Visakhapatnam| Andhra Pradesh 530026
Andhra Pradesh,Visakhapatnam,Gopalapatnam,530027,Theatre,17.723428,83.20347,Stbl Drive In Theatre,Unknown,Gopalapatnam Rural| Andhra Pradesh 530027
Andhra Pradesh,Visakhapatnam,Sheela Nagar,530012,Theatre,17.721715,83.203175,STBL Cine World,Unknown,No.6Unknown175/20| Beside Ayyapa Swamy Temple| Sheela Nagar| Visakhapatnam| Andhra Pradesh 530012
Andhra Pradesh,Visakhapatnam,Gajuwaka,530026,Gas,17.684401,83.20267,Indian Oil Petrol,Unknown,Old Gajuwaka Main Road| Old Gajuwaka| Chaitanya Nagar| Auto Nagar| Visakhapatnam| Andhra Pradesh 530026| India
Andhra Pradesh,Visakhapatnam,Old Gajuwaka,530026,Bus,17.684728,83.20259,Old Gajuwaka Bus Stop ,Unknown,Service Rd| Old Gajuwaka| Chaitanya Nagar| Gajuwaka| Visakhapatnam Port| Andhra Pradesh 530026
Andhra Pradesh,Visakhapatnam,Pendruthi,530051,College,17.799411,83.202415,Sun Institute of Agriculture Sciences,Unknown,Satya Krishna Plaza| # 8Unknown101/41| Sai Soudha Nagar| Gollavillivanipalem| SujathaNagar Post| Chanukya Nagar| Chinnamushidiwada| Pendurthi| Visakhapatnam| Andhra Pradesh 530051
Andhra Pradesh,Visakhapatnam,Pedagantyada,530044,Gas,17.684083,83.202336,Unknown Petrol,Unknown,Chaitanya Nagar| Gajuwaka| Visakhapatnam| Andhra Pradesh 530044| India
Andhra Pradesh,Visakhapatnam,Saripalli,531173,Bus,17.835633,83.200613,Golden Layout Bus Station,Unknown,Durga Colony| Saripalli| Andhra Pradesh 531173
Andhra Pradesh,Visakhapatnam,Pedagantyada,530044,Bus,17.663193,83.199163,APHB Colony Main Bus Stop,Unknown,APHB Colony| Pedagantyada| Visakhapatnam Port| Andhra Pradesh 530044
Andhra Pradesh,Visakhapatnam,Old Gajuwaka,530026,Bus,17.683562,83.197057,Chinna Gantada Bus Stop,Unknown,Old Gajuwaka| Chaitanya Nagar| Gajuwaka| Visakhapatnam| Andhra Pradesh 530026
Andhra Pradesh,Visakhapatnam,Gajuwaka,530026,Bus,17.683563,83.197056,Chinna Gantada Bus Stop,Unknown,Old Gajuwaka| Chaitanya Nagar| Gajuwaka| Visakhapatnam| Andhra Pradesh 530026
Andhra Pradesh,Visakhapatnam,Chinnamushidiwada,531173,Bus,17.808445,83.196574,Sramasakthi Nagar Bus Stop,Unknown,Chinnamushidiwada| Pendurthi| Visakhapatnam| Andhra Pradesh 531173
Andhra Pradesh,Visakhapatnam,Pedagantyada,530044,Bus,17.670095,83.19637,Nadupur Bus Stop,Unknown,Nadupuru main Rd| Nadupuru| Pedagantyada| Visakhapatnam| Andhra Pradesh 530044
Andhra Pradesh,Visakhapatnam,Steel Plant,530044,Gas,17.654342,83.195726,BP Petrol,Unknown,Balacheruvu Rd| Gajuwaka part| Andhra Pradesh 530044| India
Andhra Pradesh,Visakhapatnam,Gajuwaka,530044,Bus,17.683391,83.194952,Chinna Gantyada Bus Stop,Unknown,NH16| Chaitanya Nagar| Gajuwaka| Visakhapatnam Port| Andhra Pradesh 530044
Andhra Pradesh,Visakhapatnam,Auto Nagar,530012,Bus,17.704169,83.194037,Tungalam Bus Stop,Unknown,Tungalam| Auto Nagar| Gopalapatnam Rural| Andhra Pradesh 530012
Andhra Pradesh,Visakhapatnam,Gajuwaka,530026,Gas,17.577058,83.193482,HP Petrol,Unknown,Gajuwaka Bypass Rd| Chinagantyada| Chaitanya Nagar| Gajuwaka| Visakhapatnam| Andhra Pradesh 530026| India
Andhra Pradesh,Visakhapatnam,Pedagantyada,530044,Bus,17.674873,83.190977,Anjali Murthy Nagar 3rd Line Bus Stop,Unknown,Sri Krishna Nagar| Durgavanipalem| Pedagantyada| Visakhapatnam Port| Andhra Pradesh 530044
Andhra Pradesh,Visakhapatnam,Gajuwaka,530026,Gas,17.683294,83.190821,Indian Oil Petrol,Hanuman Petroleum,27Unknown1Unknown23| NH16| Coastal Andhra Region| NH16| Coastal Andhra Region| Chaitanya Nagar| Gajuwaka| Visakhapatnam| Andhra Pradesh 530026| India
Andhra Pradesh,Visakhapatnam,Pedagantyada,530044,Bus,17.673698,83.190204,Karnavani Palem Bustop 1,Unknown,Gajuwaka Bypass Rd| Durgavanipalem| Pedagantyada| Visakhapatnam| Andhra Pradesh 530044
Andhra Pradesh,Visakhapatnam,Sri Nagar,530044,Bus,17.673704,83.190048,Karnavani Palem Bustop 2,Unknown,Gajuwaka Bypass Rd| Sri Nagar| Gajuwaka| Visakhapatnam| Andhra Pradesh 530044
Andhra Pradesh,Visakhapatnam,Auto Nagar,530044,Bus,17.683611,83.18785,Srinagar bus stop,Unknown,NH16| Sri Nagar| Auto Nagar| Visakhapatnam| Andhra Pradesh 530044
Andhra Pradesh,Visakhapatnam,Gajuwaka,530044,Bus,17.675589,83.187225,Sundarayya Colony Bus Terminal,Unknown,Sri Nagar| Gajuwaka| Visakhapatnam| Andhra Pradesh 530044
Andhra Pradesh,Visakhapatnam,Gajuwaka,530026,Gas,17.683408,83.186198,HP Petrol,Unknown,. NO: 123/4| RAM Nagar Village Vadlapudi Post Mandal| Sri Nagar| Gajuwaka| Visakhapatnam| Andhra Pradesh 530026| India
Andhra Pradesh,Visakhapatnam,Pedagantyada,530044,Gas,17.671702,83.185371,Unknown,Lakshmi Durga Filling Station,Gajuwaka Bypass Rd| Pedagantyada| Visakhapatnam| Andhra Pradesh 530044| India
Andhra Pradesh,Visakhapatnam,Kurmannapalem,530046,Gas,17.685567,83.171393,HP Petrol,Unknown,NH16| Vadlapadi| Near Steel Plant| Kurmannapalem| Visakhapatnam| Andhra Pradesh 530046| India
Andhra Pradesh,Visakhapatnam,Vepagunta,531173,Bus,17.811008,83.169879,Ramapuram Road Bus Stop,Unknown,Vepagunta Unknown Sabbavaram Rd| Andhra Pradesh 531173
Andhra Pradesh,Visakhapatnam,Kurmannapalem,530046,Bus,17.685526,83.168479,Kurmannapalem Bus Station,Unknown,NH16| Kurmannapalem| Visakhapatnam| Andhra Pradesh 530046
Andhra Pradesh,Visakhapatnam,Duvvada,530046,Bus,17.684417,83.167653,Steel Plant Bus Stop,Unknown,Visakhapatnam| Andhra Pradesh 530046
Andhra Pradesh,Visakhapatnam,Steel Plant,530031,Gas,17.660693,83.16751,Indian Oil Petrol,Ravi Rays,Vizag Steel Plant Plaza Rd| Visakhapatnam Steel Plant| Visakhapatnam| Andhra Pradesh 530031| India
Andhra Pradesh,Visakhapatnam,Steel Plant Twp,530031,Bus,17.663093,83.16737,Kanithi Bus Stop,Unknown,Visakhapatnam| Andhra Pradesh 530031
Andhra Pradesh,Visakhapatnam,Steel Plant Twp,530032,Bus,17.647139,83.167024,Ukkunagaram Bus Stop,Unknown,Balacheruvu Rd| Steel Plant Twp| Visakhapatnam| Andhra Pradesh 530032
Andhra Pradesh,Visakhapatnam,Gajuwaka,530032,Gas,17.643543,83.166933,HP Petrol,Saptagiri Service Station,S. NO. 575| Kanithi Village Mandal| Balacheruvu Rd| Gajuwaka| Visakhapatnam| Andhra Pradesh 530032| India
Andhra Pradesh,Visakhapatnam,Kurmannapalem,530046,Bus,17.684277,83.165356,RTC Dept,Unknown,Kurmanpalem|| NH16| Visakhapatnam| Andhra Pradesh 530046
Andhra Pradesh,Visakhapatnam,Steel Plant Twp,530032,Bus,17.660256,83.160453,DAV School Bus Stop,Unknown,Steel Plant Twp| Visakhapatnam| Andhra Pradesh 530032
Andhra Pradesh,Visakhapatnam,Steel Plant Twp,530032,Bus,17.650707,83.157266,Sector 1 Bus Stop,Unknown,Sector 1| Steel Plant Twp| Visakhapatnam| Andhra Pradesh 530032
Andhra Pradesh,Visakhapatnam,Steel Plant Twp,530032,Bus,17.656565,83.15475,Market Bus Stop,Unknown,Sector 6| Steel Plant Twp| Visakhapatnam| Andhra Pradesh 530032
Andhra Pradesh,Visakhapatnam,Steel Plant Twp,530032,Bus,17.65133,83.152977,Sector 5 Bus Stop,Unknown,SectorUnknown4| Sector 2| Steel Plant Twp| Visakhapatnam| Andhra Pradesh 530032
Andhra Pradesh,Visakhapatnam,Steel Plant Twp,530032,Bus,17.657904,83.150593,Sector 6 Bus Stop,Unknown,Sector 6| Steel Plant Twp| Visakhapatnam| Andhra Pradesh 530032
Andhra Pradesh,Visakhapatnam,Islampet,530031,Bus,17.607418,83.143882,Peddapalem Bus Stop,Unknown,Islampet| Visakhapatnam| Andhra Pradesh 530031
Andhra Pradesh,Visakhapatnam,Steel Plant Twp,530032,Bus,17.655638,83.140996,Indra Gandhi Park Bus Stop,Unknown,Sector 12| Steel Plant Twp| Visakhapatnam| Andhra Pradesh 530032
Andhra Pradesh,Visakhapatnam,Steel Plant Twp,530032,Bus,17.652224,83.138861,Sector 8 Bus Stop,Unknown,Sector 8| Steel Plant Twp| Visakhapatnam| Andhra Pradesh 530032
Andhra Pradesh,Visakhapatnam,Araku,535145,Gas,18.112785,83.13885,Indian Oil Petrol,Unknown,Araku Unknown Visakhapatnam Rd| Srungavarapu kota| Andhra Pradesh 535145
Andhra Pradesh,Visakhapatnam,Chinnapalam,531020,Bus,17.606904,83.135752,Chinnapalam Bus Stop,Unknown,Chinnapalam| Visakhapatnam| Andhra Pradesh 531020
Andhra Pradesh,Visakhapatnam,Aganampudi,530046,Bus,17.688776,83.135008,Aganampudi Bus Stop,Unknown,NH16| Aganampudi| Visakhapatnam| Andhra Pradesh 530046
Andhra Pradesh,Visakhapatnam,Steel Plant Twp,530032,Bus,17.648652,83.134327,Sector 9 Bus Stop,Unknown,Sector 9| Steel Plant Twp| Visakhapatnam| Andhra Pradesh 530032
Andhra Pradesh,Visakhapatnam,Steel Plant Twp,530032,Bus,17.655896,83.134023,CPS `Bus Stop,Unknown,Sector 12| Steel Plant Twp| Visakhapatnam| Andhra Pradesh 530032
Andhra Pradesh,Visakhapatnam,Steel Plant Twp,530032,Bus,17.652175,83.133416,Sector XI Bus Stop,Unknown,Sector 11| Sector 9| Steel Plant Twp| Visakhapatnam| Andhra Pradesh 530032
Andhra Pradesh,Visakhapatnam,Steel Plant,530032,Gas,17.655761,83.131884,Indian Oil Petrol,Unknown,INDIAN OIL| Sector 12| Steel Plant Twp| Visakhapatnam| Andhra Pradesh 530032| India
Andhra Pradesh,Visakhapatnam,Sabbavaram,531035,College,17.790335,83.130039,Mother College Of Education,Unknown,Sabbavaram| Andhra Pradesh 531035
Andhra Pradesh,Visakhapatnam,Bowdara,530004,Theatre,18.172031,83.1267,Manorama Theatre,Unknown,32 1 89/A| Bowdara Road| Bowdara Road| Vishakhapatnam| Andhra Pradesh 530004
Andhra Pradesh,Visakhapatnam,Sabbavaram,531035,Bus,17.791081,83.124012,RTC Complex,Unknown,SH 38| Sabbavaram| Andhra Pradesh 531035
Andhra Pradesh,Visakhapatnam,Sabbavaram,531035,Bus,17.810433,83.108827,Jangala Palem Bus Stop,Unknown,Sabbavaram| Andhra Pradesh 531035
Andhra Pradesh,Visakhapatnam,Lankela Palem,531019,Bus,17.688045,83.096874,Lankelapalem Bus Stop,Unknown,NH16| Lankela Palem| Andhra Pradesh 531019
Andhra Pradesh,Visakhapatnam,Lankela Palem,531019,Bus,17.673785,83.095146,Lankelapalem Bus Stop,Unknown,NH16| Lankela Palem| Andhra Pradesh 531019
Andhra Pradesh,Visakhapatnam,Paravada,531021,Bus,17.655267,83.09121,Simhadri Bus Stop,Unknown,Visakhapatnam| Andhra Pradesh 531021
Andhra Pradesh,Visakhapatnam,Konda Koppaka,531019,Bus,17.687254,83.087471,Salapuvanipalem Bus Stop,Unknown,NH16| Visakhapatnam| Andhra Pradesh 531019
Andhra Pradesh,Visakhapatnam,Marrivalasa,531034,Bus,17.873645,83.08088,K Santapalem Bus Stop,Unknown,Santapalem| Marrivalasa| Andhra Pradesh 531034
Andhra Pradesh,Visakhapatnam,Aguru,531149,Bus,17.262247,83.076935,Chimidipalli,Unknown,Aguru| Andhra Pradesh 531149
Andhra Pradesh,Visakhapatnam,Konda Koppaka,531019,Bus,17.689409,83.074802,Akkireddypalem Bus Stop,Unknown,Pedamusidivada| Andhra Pradesh 531019
Andhra Pradesh,Visakhapatnam,Edulapaka,531021,Theatre,17.614102,83.072333,Sri Seetharamayya Cine Complex,Unknown,Edulapaka Bonangi| Andhra Pradesh 531021
Andhra Pradesh,Visakhapatnam,Marripalem,531035,Bus,17.745548,83.066497,Marripalem Bus Stop,Unknown,Marripalem| Andhra Pradesh 531035
Andhra Pradesh,Visakhapatnam,Konda Koppaka,531019,Bus,17.689573,83.062065,Salapuvanipalem Bus Stop,Unknown,Konda Koppaka| Andhra Pradesh 531019
Andhra Pradesh,Visakhapatnam,Sabbavaram,531035,College,17.7515,83.055729,Simhadri Educational Society,Unknown,Sabbavaram Unknown Anakapalle Highway| Near Koduru Junction| Sabbavaram Mandal| Visakhapatnam District| Narapadu| Andhra Pradesh 531035
Andhra Pradesh,Visakhapatnam,Konda Koppaka,531019,Bus,17.692707,83.046059,Koppaka Bus Stop,Unknown,NH16| Konda Koppaka| Andhra Pradesh 531019
Andhra Pradesh,Visakhapatnam,Araku,531149,Bus,18.214097,83.043648,Tyda Bus Stop,Unknown,Araku Unknown Visakhapatnam Rd| Andhra Pradesh 531149
Andhra Pradesh,Visakhapatnam,Alamanadaoduru,531034,Theatre,17.889507,83.042454,Suryaprakash Theatre,Unknown,Unnamed| Alamandakoduru| Andhra Pradesh 531034
Andhra Pradesh,Visakhapatnam,Anakapalle,531001,Bus,17.711365,83.029743,Sankaram Bus Stop,Unknown,Chintanippula Agraharam| Andhra Pradesh 531001
Andhra Pradesh,Visakhapatnam,Paravada,531021,Bus,17.655814,83.023955,Gavara Anakapalle Bus Stop,Unknown,??????????| Andhra Pradesh 531021
Andhra Pradesh,Visakhapatnam,Anakapalle,531001,Bus,17.687162,83.015046,BalaKrishna Bus Stop,Unknown,Raghuram Layout| Niddanam Doddi| Anakapalle| Andhra Pradesh 531001
Andhra Pradesh,Visakhapatnam,Paravada,531021,Bus,17.643222,83.014903,Moolapeta Bus Stop,Unknown,Visakhapatnam| Andhra Pradesh 531021
Andhra Pradesh,Visakhapatnam,Anakapalle,531001,Theatre,17.687716,83.014316,Satyanarayana Theatre,Unknown,No. 10Unknown16Unknown30| Niddanam Doddi| Anakapalle| Andhra Pradesh 531001
Andhra Pradesh,Visakhapatnam,Gavarapalem,531001,Theatre,17.688674,83.013468,Ram Chandra Theatre,Unknown,Gavarapalem| Visakhapatnam| Andhra Pradesh 531001
Andhra Pradesh,Visakhapatnam,Anakapalle,531001,Bus,17.685953,83.009844,Eye Care Opticals Bus Stop,Unknown,Chinta Vari St| Anakapalle| Andhra Pradesh 531001
Andhra Pradesh,Visakhapatnam,Anakapalle,531001,Theatre,17.690295,83.008833,Venkateswara Theatre,Unknown,No| 11Unknown4Unknown22| Chinna Veedhi| Woodpeta| Anakapalle| Andhra Pradesh 531001
Andhra Pradesh,Visakhapatnam,Anakapalle,531001,Theatre,17.686048,83.006308,Shirdi Sai Theatre Complex,Unknown,Old Jaggery Market| Anakapalle| Andhra Pradesh 531001
Andhra Pradesh,Visakhapatnam,Anakapalle,531001,Theatre,17.686404,83.00629,Shidi And Parthi Sai Theatre,Unknown,Anakapalle| Andhra Pradesh 531001
Andhra Pradesh,Visakhapatnam,Anakapalle,531001,Theatre,17.688851,83.005779,Just Tickets Pvt ltd,Unknown,Main Road| Anakapalle| Anakapalle| Vishakhapatnam| Andhra Pradesh 531001
Andhra Pradesh,Visakhapatnam,Anakapalle,531001,Theatre,17.688846,83.004961,Satya Theatre,Unknown,main road| Pappulaveedhi| Anakapalle| Andhra Pradesh 531001
Andhra Pradesh,Visakhapatnam,Anakapalle,531001,Bus,17.686198,83.002166,Rtc Bus Station,Unknown,New Colony| Anakapalle| Andhra Pradesh 531001
Andhara Pradesh,Visakhapatnam,Anakapalle,531001,Gas,17.693197,83.002148,Unknown,Unknown,Narasinga Rao Peta| Anakapalle| Andhra Pradesh 531001
Andhara Pradesh,Visakhapatnam,Anakapalle,531001,Gas,17.693298,83.002052,HP Petrol,K S R Enterprises,S NO 800/1 Ankapalli Unknowntumpala Road Ankapalli Town| Narasinga Rao Peta| Visakhapatnam| Andhra Pradesh 531001
Andhra Pradesh,Visakhapatnam,Anakapalle,531032,Bus,17.716993,82.996424,Thummapala Bus Stop,Unknown,Thummapala| Anakapalle| Andhra Pradesh 531032
Andhra Pradesh,Visakhapatnam,Munagapaka,531001,Bus,17.652481,82.995981,Gangadevipate Bus Stop,Unknown,Munagapaka Rd| Andhra Pradesh 531001
Andhra Pradesh,Visakhapatnam,Kothuru,531001,Theatre,17.681897,82.986832,Karmabhumi Kothuru,Unknown,Kothuru Village| Anakapalle| Andhra Pradesh 531001
Andhra Pradesh,Visakhapatnam,Chodapalle,531011,Theatre,17.552389,82.980943,SBTL Village Cinema,Unknown,Pudimadaka Rd| Chodapalle| Andhra Pradesh 531011
Andhra Pradesh,Visakhapatnam,Chodapalle,531011,Theatre,17.552446,82.980872,STBL Cine World ,Unknown,Chodapalle| Andhra Pradesh 531011
Andhra Pradesh,Visakhapatnam,Atchutapuram,531001,Theatre,17.557073,82.98014,STBL Cine World,Unknown,Pudimadaka Rd| Atchutapuram| Andhra Pradesh 531011
Andhra Pradesh,Visakhapatnam,Devarapalli,531030,Theatre,17.896593,82.978525,Maheswari Theatre,Unknown,Devarapalli| Andhra Pradesh 531030
Andhra Pradesh,Visakhapatnam,Timmarajupeta,531033,Theatre,17.619667,82.978278,Narshinga ,Unknown,Timmmarajupeta| Andhra Pradesh 531033
Andhra Pradesh,Visakhapatnam,Vaddadi Junction,531023,Bus,17.795193,82.973987,unknown,Unknown,Chodavaram Unknown Vaddadi Jn Rd| Andhra Pradesh 531023
Andhra Pradesh,Visakhapatnam,Kasimkota,531031,Bus,17.670003,82.967043,Kasimkota Bus Stop,Unknown,Kasimkota| Andhra Pradesh 531031
Andhra Pradesh,Visakhapatnam,Kasimkota,531031,Theatre,17.669455,82.965842,Bhavani Theatre,Unknown,Anakapalle Bypass| Kasimkota| Andhra Pradesh 531031
Andhara Pradesh,Visakhapatnam,Rambilli,531011,Gas,17.538849,82.946318,HP Petrol,Sri Shankari Filling Station,S NO 10/1| HPC Outlet Rajakoduru Village Rambilli Mandal| Visakhapatnam| Andhra Pradesh 531011
Andhra Pradesh,Visakhapatnam,Chodavaram,531036,Theatre,17.829885,82.937408,Sai Siri Max AC Dts,Unknown,Chodavaram| Andhra Pradesh 531036
Andhra Pradesh,Visakhapatnam,Chodavaram,531036,Bus,17.827094,82.935114,Chodavaram Bus Stand,Unknown,Venkannapalem| Chodavaram| Andhra Pradesh 531036
Andhara Pradesh,Visakhapatnam,Rambilli,531061,Gas,17.465641,82.928095,Indian Oil Petrol,Unknown,Rambilli| Andhra Pradesh 531061
Andhra Pradesh,Visakhapatnam,Khandipalle,531026,Bus,17.830187,82.91501,Gowripatham Bus Stop,Unknown,Khandipalle| Andhra Pradesh 531026
Andhra Pradesh,Visakhapatnam,Panchadarla,531061,Bus,17.528495,82.904239,Gokivada Junction Bus Station,Unknown,Major District Rd| Panchadarla| Andhra Pradesh 531061
Andhra Pradesh,Visakhapatnam,Manchala,531028,Bus,17.9476,82.885704,Manchala Village Bus Stop,Unknown,Andhra Pradesh 531028
Andhra Pradesh,Visakhapatnam,Araku,531149,Bus,18.32249,82.878239,APSRTC Bus Station,Unknown,Araku| Andhra Pradesh 531149
Andhra Pradesh,Visakhapatnam,Butchiyyapeta,531026,Bus,17.786972,82.87652,Butchiyyapeta Bus Stop,Unknown,Butchiyyapeta Mandalam| Polepalle| Andhra Pradesh 531026
Andhra Pradesh,Visakhapatnam,Araku,531151,Theatre,18.331062,82.876189,Jyothi Cini Max,Unknown,Araku| Andhra Pradesh 531151
Andhara Pradesh,Visakhapatnam,Yellamachilli,531055,Gas,17.580628,82.86661,HP Petrol,Unknown,D. NO. 2Unknown80| NHUnknown5 Shekallipalem Yelamanchili Mandal| Visakhapatnam| Andhra Pradesh 531055
Andhara Pradesh,Visakhapatnam,Yelamanchili,531055,Gas,17.543408,82.861991,HP Petrol,Sri Kalki Agencies,S. NO. 363/1 Yelamanchili Steel Plant Road Yelamanchili Village & Mandal| Visakhapatnam| Andhra Pradesh 531055
Andhra Pradesh,Visakhapatnam,Khandivaram,531028,Bus,17.914732,82.861336,Khandivaram Village Bus Stop,Unknown,Unnamed Rd| Khandivaram| Sirijam| Andhra Pradesh 531028
Andhra Pradesh,Visakhapatnam,Yallamanchili,531055,Bus,17.547096,82.853807,Yellamanchili Bus Stop,Unknown,Yellamanchili| Andhra Pradesh 531055
Andhra Pradesh,Visakhapatnam,Yellamanchili,531055,Theatre,17.549722,82.851878,Parameswari Theatre,Unknown,Yellamanchili| Andhra Pradesh 531055
Andhara Pradesh,Visakhapatnam,Yellamachilli,531055,Gas,17.542408,82.846345,Unknown,Unknown,Yellamanchili| Andhra Pradesh 531055
Andhara Pradesh,Visakhapatnam,Yellamachilli,531055,Gas,17.543643,82.834778,BP Petrol,Bpcl Ghar COCO,Andhra Pradesh 531055
Andhra Pradesh,Visakhapatnam,Butchiyyapeta,531026,Bus,17.731562,82.831771,Seethayyapeta Bus Stop,Unknown,Seethayyapeta| Butchayyapeta Mandalam| Totakurapalem| Andhra Pradesh 531026
Andhra Pradesh,Visakhapatnam,Madugula,531027,Theatre,17.918766,82.815795,Kanaka Ratna Theatre,Unknown,Madugula| Andhra Pradesh 531027
Andhra Pradesh,Visakhapatnam,Gompa,531026,Bus,17.72628,82.803054,Malapalli Junction Bus Stop,Unknown,Gompa| Andhra Pradesh 531026
Andhra Pradesh,Visakhapatnam,Ravikamatham,531025,Theatre,17.793085,82.799637, Svr Cinema Hall,Unknown,Ravikamatham| Andhra Pradesh 531025
Andhra Pradesh,Visakhapatnam,Tattabanda,531025,Bus,17.724975,82.798095,Sri Nagar Street Bus Stop,Unknown,Tattabanda| Andhra Pradesh 531025
Andhra Pradesh,Visakhapatnam,Tattabanda,531025,Bus,17.724912,82.797494,Four Road Junction Bus Stop ,Unknown,Tattabanda| Andhra Pradesh 531025
Andhara Pradesh,Visakhapatnam,Regupalem,531060,Gas,17.497579,82.78547,Unknown,Neethu Enterprises,My Home to NHUnknown5| Regupalem| Andhra Pradesh 531060
Andhra Pradesh,Visakhapatnam,Garnikam,531025,Bus,17.785137,82.779182,Medivada Village Bus Stop,Unknown,Garnikam| Andhra Pradesh 531025
Andhara Pradesh,Visakhapatnam,S Rayavaram,531083,Gas,17.447728,82.757135,Unknown,Veeranjaneya Roadways Petro Station,NHUnknown5| Near Nakkapally Adda Road| SUnknownRayavaram mandalam| Timmapuram| Andhra Pradesh 531083
Andhra Pradesh,Visakhapatnam,Pedha Gumuluru,531083,Theatre,17.429741,82.747198,Power star Theatre,Unknown,Thimmapuram| Pedha Gumuluru| Andhra Pradesh 531083
Andhra Pradesh,Visakhapatnam,Pedha Gumuluru,531083,Bus,17.431582,82.7447,Temapuram Bus Station,Unknown,NH16| Pedha Gumuluru| Andhra Pradesh 531083
Andhra Pradesh,Visakhapatnam,Darlapudi,531082,Theatre,17.483931,82.740179,Varaha Theatre,Unknown,Vishakapatnam| Near| varaha river| Darlapudi| Andhra Pradesh 531082
Andhara Pradesh,Visakhapatnam,Nakkapalle,531126,Gas,17.422517,82.737842,BP Petrol,Sri Srinivasa ,Konavanipalem| Visakhapatnam| NHUnknown5| Tuni Vishakapatnam| Thimmapuram| Thimmapuram| Nakkapalli| Andhra Pradesh 531126
Andhra Pradesh,Visakhapatnam,Madugula,531027,Bus,17.93679,82.73674,Sankaram Bus Stop,Unknown,v madugula| Andhra Pradesh 531027
Andhra Pradesh,Visakhapatnam,Dondapudi,531114,Bus,17.760758,82.724334,Dondapudi Bus Stop,Unknown,Dondapudi| Andhra Pradesh 531114
Andhra Pradesh,Visakhapatnam,Makavarapalem,531113,Theatre,17.620819,82.717972,Sri Devi Theatre,Unknown,Makavarapalem| Andhra Pradesh 531113
Andhra Pradesh,Visakhapatnam,Nakkapalli,531081,Bus,17.408547,82.715409,Nakkapalli Bus Station,Unknown,Teachers Colony Rd| Nakkapalli| Andhra Pradesh 531081
Andhra Pradesh,Visakhapatnam,Kathakota,531114,Theatre,17.751235,82.697377,Ravi Cinema Hall,Unknown,MAIN ROAD| SH 38| Kothakota| Andhra Pradesh 531114
Andhra Pradesh,Visakhapatnam,Rajupeta,531085,Theatre,17.55334,82.693357,Bala&Kittu,Unknown,Rajupeta| Andhra Pradesh 531085
Andhra Pradesh,Visakhapatnam,Paderu,531151,Bus,18.268191,82.688868,Guntaseema Bus Station,Unknown,Paderu Unknown Araku Rd| Guntaseema| Andhra Pradesh 531151
Andhra Pradesh,Visakhapatnam,Kotavuratla,531085,Bus,17.564258,82.683886,Kotavuratla Bus Stop,Unknown,Kotavuratla| Andhra Pradesh 531085
Andhra Pradesh,Visakhapatnam,Malaguda,531077,Bus,18.125846,82.678429,Burmanguda Bus Stop,Unknown,Burmanguda| HukamPeta Mandalam| Malaguda| Andhra Pradesh 531077
Andhra Pradesh,Visakhapatnam,Paderu,531024,Bus,18.088504,82.66961,RTC Complex,Unknown,Paderu| Andhra Pradesh 531024
Andhra Pradesh,Visakhapatnam,Paderu,531024,Theatre,18.084545,82.667477,Venkkataramana Theatre,Unknown,Paderu| Andhra Pradesh 531024
Andhra Pradesh,Visakhapatnam,Pedabayalu,531024,Bus,18.129883,82.636263,Pedabayalu Bus Stop,Unknown,Andhra Pradesh 531024
Andhra Pradesh,Visakhapatnam,Narsipatnam,531116,Bus,17.663256,82.616211,RTC Bus Complex,Unknown,Narsipatnam| Andhra Pradesh 531116
Andhra Pradesh,Visakhapatnam,Narsipatnam,531116,Bus,17.662743,82.615083,Narsipatnam Bus Depot,Unknown,Narsipatnam| Andhra Pradesh 531116
Andhra Pradesh,Visakhapatnam,Narsipatnam,531116,Theatre,17.66257,82.613367,Raju Deluxe,Unknown,Narsipatnam| Andhra Pradesh 531116
Andhra Pradesh,Visakhapatnam,Narsipatnam,531116,Theatre,17.662485,82.613155,Bangarraju Theatre,Unknown,Narsipatnam| Andhra Pradesh 531116
Andhra Pradesh,Visakhapatnam,Vemulapudi,531117,Theatre,17.6095,82.613031,Sree Rama Talkies,Unknown,Vemulapudi| Andhra Pradesh 531117
Andhra Pradesh,Visakhapatnam,Dharmasagaram,531117,Bus,17.622613,82.611252,Drgada Bus Stop,Unknown,Dharmasagaram| Andhra Pradesh 531117
Andhra Pradesh,Visakhapatnam,Chintapalli,531116,Theatre,17.666433,82.610523,Oy,Unknown,Chintapalli Rd| Narsipatnam| Andhra Pradesh 531116
Andhra Pradesh,Visakhapatnam,Yerakannapalem,531117,Bus,17.585538,82.609677, Endamilli Bus Stop ,Unknown,Tuni to Narsipatnam Rd| Yerakannapalem| Andhra Pradesh 531117
Andhra Pradesh,Visakhapatnam,Narsipatnam,531116,Bus,17.666153,82.609214,Old Bus Stand,Unknown,Narsipatnam| Andhra Pradesh 531116
Andhra Pradesh,Visakhapatnam,Bayyapureddipalem,531115,Bus,17.632003,82.60661,Old Bypureddypalem Bus Stop,Unknown,Andhra Pradesh 531115
Andhara Pradesh,Visakhapatnam,Narsipatnam,531116,Gas,17.650221,82.604812,HP Petrol,Sri Venkata Sivasai Filling Station,S NO. 384/2 Bhalighttam Y Junction Narsipatnam| Visakhapatnam| Andhra Pradesh 531116
Andhra Pradesh,Visakhapatnam,Bayyapureddipalem,531116,Bus,17.636235,82.602839,Giribabu Bypureddy Bus Stop,Unknown,Tuni to Narsipatnam Rd| Bayyapureddipalem| Andhra Pradesh 531116
Andhra Pradesh,Visakhapatnam,Devavaram,531126,Bus,17.377932,82.60245,Vaddimetta Bus Stop,Unknown,NH16| Devavaram| Andhra Pradesh 531126
Andhra Pradesh,Visakhapatnam,Bayyapureddipalem,531115,Bus,17.633827,82.601467,Bypureddypalem Bus Stop,Unknown,Andhra Pradesh 531115
Andhra Pradesh,Visakhapatnam,Chinaboddepalle,531085,Bus,17.470859,82.598821,Kata Bus Stop,Unknown,Chinaboddepalle| Andhra Pradesh 531085
Andhra Pradesh,Visakhapatnam,Namavaram,531126,Bus,17.375142,82.592747,Namavaram Bus stop,Unknown,NH16| Naamavaram| Andhra Pradesh 531126
Andhra Pradesh,Visakhapatnam,Bennavaram,531115,Bus,17.609214,82.573714,Bennavaram Bus stop,Unknown,Mulagapudi Bennavaram| Andhra Pradesh 531115
Andhra Pradesh,Visakhapatnam,Bennavaram,531115,Bus,17.600359,82.5632,Mulagapudi Bus Stop,Unknown,Mulagapudi Bennavaram| Andhra Pradesh 531115
Andhra Pradesh,Visakhapatnam,Payakaraopeta,531126,Theatre,17.362032,82.556949,SVC Cinemas Sri Lakshmi Theatre,Unknown,Payakaraopeta| Andhra Pradesh 531126
Andhra Pradesh,Visakhapatnam,Payakaraopeta,531126,Theatre,17.361907,82.556804,SVC Cinemas Sri Laxmi Theatre,Unknown,Payakaraopeta| Andhra Pradesh 531126
Andhra Pradesh,Visakhapatnam,Payakaraopeta,531126,Theatre,17.361767,82.556767,Laxmi Cinema Hall,Unknown,Payakaraopeta Town Rd| Payakaraopeta| Andhra Pradesh 531126
Andhra Pradesh,Visakhapatnam,Tuni,531126,Theatre,17.361675,82.556698,Sri Lakshmi Theatre,Unknown,Tuni| Andhra Pradesh 531126
Andhra Pradesh,Visakhapatnam,Yellavaram,531115,Bus,17.587574,82.553953,D YellavaramJunction Bus Stop,Unknown,Yellavaram Dondapeta| Andhra Pradesh 531115
Andhra Pradesh,Visakhapatnam,Payakaraopeta,531126,Theatre,17.362156,82.54928,Gautham Theatre,Unknown,Payakaraopeta| Tuni| Andhra Pradesh 531126
Andhra Pradesh,Visakhapatnam,Yellavaram,531115,Bus,17.583943,82.545389,Vennalapalem Bus Stop,Unknown,Tandava Rd| Yellavaram Dondapeta| Andhra Pradesh 531115
Andhra Pradesh,Visakhapatnam,Marripalem,531117,Bus,17.584577,82.537694,Marripalem Bus Stop,Unknown,Marripalem| Andhra Pradesh 531115
Andhra Pradesh,Visakhapatnam,Gandhinagaram,531115,Bus,17.556573,82.52809,Gandhinagaram Bus Stop,Unknown,Andhra Pradesh 531115
Andhra Pradesh,Visakhapatnam,Yellavaram,531115,Bus,17.585192,82.525113,Kottha Yellavaram Bus Stop,Unknown,Yellavaram Dondapeta| Andhra Pradesh 531115
Andhra Pradesh,Visakhapatnam,Nathavaram,531115,Bus,17.567425,82.490368,unknown,Unknown,Nathavaram| Andhra Pradesh 531115
Andhara Pradesh,Visakhapatnam,Lingampeta,531084,Gas,17.665652,82.426576,HP Petrol,Sri Mangalya Gowri Fuels,Lingampeta Village Chodyam JN Golukonda| Visakhapatnam| Andhra Pradesh 531084
Andhra Pradesh,Visakhapatnam,Krishnadevipeta,531084,Bus,17.671951,82.369598,unknown,Unknown,Krishnadevipeta| Andhra Pradesh 531084
Andhra Pradesh,Visakhapatnam,Chintapalle,531111,Bus,17.866332,82.355869,unknown,Unknown,Chowdupalli Rd| Sainagar| Chintapalle| Andhra Pradesh 531111
Andhra Pradesh,Visakhapatnam,Chintapalle,531111,Bus,17.866308,82.355742,unknown,Unknown,Sainagar| Chintapalle| Andhra Pradesh 531111
